Counselor_ID,Counselor_Name,Counselor_Phone,Counselor_Email,Branch_ID,Branch_Name,Branch_Type
CNS-001,Bhavna Patel,+919026855092,bhavna.patel@edtechglobal.com,BR-WL-24,WhiteLabel Branch 24,WhiteLabel
CNS-002,Priya Sharma,+919239670711,priya.sharma@edtechglobal.com,BR-OFF-09,Official Branch 09,Official
CNS-003,Rajesh Patel,+919726600539,rajesh.patel@edtechglobal.com,BR-WL-24,WhiteLabel Branch 24,WhiteLabel
CNS-004,Megha Trivedi,+919093349856,megha.trivedi@edtechglobal.com,BR-WL-14,WhiteLabel Branch 14,WhiteLabel
CNS-005,Alok Shah,+919031994523,alok.shah@edtechglobal.com,BR-OFF-06,Official Branch 06,Official
CNS-006,Anjali Sharma,+919542621108,anjali.sharma@edtechglobal.com,BR-WL-15,WhiteLabel Branch 15,WhiteLabel
CNS-007,Pooja Trivedi,+919213500298,pooja.trivedi@edtechglobal.com,BR-WL-22,WhiteLabel Branch 22,WhiteLabel
CNS-008,Bhavna Bhatt,+919585126461,bhavna.bhatt@edtechglobal.com,BR-WL-03,WhiteLabel Branch 03,WhiteLabel
CNS-009,Vikram Gupta,+919632719211,vikram.gupta@edtechglobal.com,BR-OFF-18,Official Branch 18,Official
CNS-010,Mayank Shah,+919814763202,mayank.shah@edtechglobal.com,BR-OFF-11,Official Branch 11,Official
CNS-011,Deepa Desai,+919365341213,deepa.desai@edtechglobal.com,BR-OFF-18,Official Branch 18,Official
CNS-012,Kavita Sharma,+919819795579,kavita.sharma@edtechglobal.com,BR-OFF-22,Official Branch 22,Official
CNS-013,Amit Patel,+919407943839,amit.patel@edtechglobal.com,BR-OFF-07,Official Branch 07,Official
CNS-014,Sanjay Verma,+919648245888,sanjay.verma@edtechglobal.com,BR-OFF-17,Official Branch 17,Official
CNS-015,Mayank Shah,+919783543540,mayank.shah@edtechglobal.com,BR-WL-06,WhiteLabel Branch 06,WhiteLabel
CNS-016,Karan Patel,+919990307112,karan.patel@edtechglobal.com,BR-WL-01,WhiteLabel Branch 01,WhiteLabel
CNS-017,Sneha Trivedi,+919314797776,sneha.trivedi@edtechglobal.com,BR-WL-17,WhiteLabel Branch 17,WhiteLabel
CNS-018,Nikhil Verma,+919619927151,nikhil.verma@edtechglobal.com,BR-OFF-13,Official Branch 13,Official
CNS-019,Deepa Patel,+919049203558,deepa.patel@edtechglobal.com,BR-WL-19,WhiteLabel Branch 19,WhiteLabel
CNS-020,Vikram Joshi,+919085675980,vikram.joshi@edtechglobal.com,BR-OFF-15,Official Branch 15,Official
CNS-021,Sachin Patel,+919408157429,sachin.patel@edtechglobal.com,BR-OFF-18,Official Branch 18,Official
CNS-022,Swati Chauhan,+919895619255,swati.chauhan@edtechglobal.com,BR-OFF-24,Official Branch 24,Official
CNS-023,Rohan Verma,+919381469012,rohan.verma@edtechglobal.com,BR-OFF-14,Official Branch 14,Official
CNS-024,Harish Joshi,+919753573823,harish.joshi@edtechglobal.com,BR-WL-20,WhiteLabel Branch 20,WhiteLabel
CNS-025,Bhavna Patel,+919654049436,bhavna.patel@edtechglobal.com,BR-WL-17,WhiteLabel Branch 17,WhiteLabel
CNS-026,Rohan Trivedi,+919782893941,rohan.trivedi@edtechglobal.com,BR-OFF-16,Official Branch 16,Official
CNS-027,Rohan Gupta,+919407437181,rohan.gupta@edtechglobal.com,BR-OFF-18,Official Branch 18,Official
CNS-028,Pankaj Chauhan,+919738908273,pankaj.chauhan@edtechglobal.com,BR-WL-12,WhiteLabel Branch 12,WhiteLabel
CNS-029,Vikram Chauhan,+919348195935,vikram.chauhan@edtechglobal.com,BR-WL-26,WhiteLabel Branch 26,WhiteLabel
CNS-030,Monika Shah,+919245938494,monika.shah@edtechglobal.com,BR-OFF-03,Official Branch 03,Official
CNS-031,Mayank Verma,+919430747414,mayank.verma@edtechglobal.com,BR-OFF-18,Official Branch 18,Official
CNS-032,Sneha Sharma,+919980472440,sneha.sharma@edtechglobal.com,BR-WL-13,WhiteLabel Branch 13,WhiteLabel
CNS-033,Megha Bhatt,+919337882805,megha.bhatt@edtechglobal.com,BR-OFF-14,Official Branch 14,Official
CNS-034,Bhavna Gupta,+919424806516,bhavna.gupta@edtechglobal.com,BR-WL-18,WhiteLabel Branch 18,WhiteLabel
CNS-035,Swati Mehta,+919284412919,swati.mehta@edtechglobal.com,BR-OFF-09,Official Branch 09,Official
CNS-036,Vikram Bhatt,+919602764446,vikram.bhatt@edtechglobal.com,BR-WL-11,WhiteLabel Branch 11,WhiteLabel
CNS-037,Priya Bhatt,+919627694430,priya.bhatt@edtechglobal.com,BR-WL-04,WhiteLabel Branch 04,WhiteLabel
CNS-038,Megha Rathod,+919428853029,megha.rathod@edtechglobal.com,BR-OFF-24,Official Branch 24,Official
CNS-039,Vikram Mehta,+919547099690,vikram.mehta@edtechglobal.com,BR-WL-08,WhiteLabel Branch 08,WhiteLabel
CNS-040,Sneha Shah,+919924602213,sneha.shah@edtechglobal.com,BR-OFF-08,Official Branch 08,Official
CNS-041,Kavita Chauhan,+919171779360,kavita.chauhan@edtechglobal.com,BR-WL-20,WhiteLabel Branch 20,WhiteLabel
CNS-042,Alok Rathod,+919068212356,alok.rathod@edtechglobal.com,BR-WL-01,WhiteLabel Branch 01,WhiteLabel
CNS-043,Neha Rathod,+919502564736,neha.rathod@edtechglobal.com,BR-WL-10,WhiteLabel Branch 10,WhiteLabel
CNS-044,Priya Trivedi,+919924255163,priya.trivedi@edtechglobal.com,BR-OFF-01,Official Branch 01,Official
CNS-045,Harish Bhatt,+919122998994,harish.bhatt@edtechglobal.com,BR-WL-20,WhiteLabel Branch 20,WhiteLabel
CNS-046,Megha Trivedi,+919806248900,megha.trivedi@edtechglobal.com,BR-OFF-18,Official Branch 18,Official
CNS-047,Monika Chauhan,+919365260635,monika.chauhan@edtechglobal.com,BR-OFF-08,Official Branch 08,Official
CNS-048,Manish Desai,+919169820594,manish.desai@edtechglobal.com,BR-WL-06,WhiteLabel Branch 06,WhiteLabel
CNS-049,Pooja Bhatt,+919940439931,pooja.bhatt@edtechglobal.com,BR-WL-23,WhiteLabel Branch 23,WhiteLabel
CNS-050,Priya Trivedi,+919818150683,priya.trivedi@edtechglobal.com,BR-OFF-12,Official Branch 12,Official
CNS-051,Preeti Patel,+919934712197,preeti.patel@edtechglobal.com,BR-WL-17,WhiteLabel Branch 17,WhiteLabel
CNS-052,Manish Chauhan,+919545098869,manish.chauhan@edtechglobal.com,BR-WL-15,WhiteLabel Branch 15,WhiteLabel
CNS-053,Anjali Mehta,+919401486939,anjali.mehta@edtechglobal.com,BR-WL-25,WhiteLabel Branch 25,WhiteLabel
CNS-054,Rohan Trivedi,+919836043811,rohan.trivedi@edtechglobal.com,BR-WL-10,WhiteLabel Branch 10,WhiteLabel
CNS-055,Pankaj Shah,+919643111853,pankaj.shah@edtechglobal.com,BR-OFF-21,Official Branch 21,Official
CNS-056,Gaurav Shah,+919120117054,gaurav.shah@edtechglobal.com,BR-OFF-24,Official Branch 24,Official
CNS-057,Megha Joshi,+919257109965,megha.joshi@edtechglobal.com,BR-OFF-04,Official Branch 04,Official
CNS-058,Vikram Rathod,+919084564737,vikram.rathod@edtechglobal.com,BR-OFF-06,Official Branch 06,Official
CNS-059,Rajesh Gupta,+919876198296,rajesh.gupta@edtechglobal.com,BR-OFF-05,Official Branch 05,Official
CNS-060,Monika Trivedi,+919822308461,monika.trivedi@edtechglobal.com,BR-OFF-09,Official Branch 09,Official
CNS-061,Kavita Chauhan,+919510330567,kavita.chauhan@edtechglobal.com,BR-WL-12,WhiteLabel Branch 12,WhiteLabel
CNS-062,Rohan Joshi,+919566585408,rohan.joshi@edtechglobal.com,BR-WL-15,WhiteLabel Branch 15,WhiteLabel
CNS-063,Alok Sharma,+919997413271,alok.sharma@edtechglobal.com,BR-WL-11,WhiteLabel Branch 11,WhiteLabel
CNS-064,Monika Bhatt,+919740739735,monika.bhatt@edtechglobal.com,BR-OFF-13,Official Branch 13,Official
CNS-065,Deepa Joshi,+919428414718,deepa.joshi@edtechglobal.com,BR-WL-19,WhiteLabel Branch 19,WhiteLabel
CNS-066,Bhavna Verma,+919470406376,bhavna.verma@edtechglobal.com,BR-WL-10,WhiteLabel Branch 10,WhiteLabel
CNS-067,Swati Patel,+919266186631,swati.patel@edtechglobal.com,BR-OFF-15,Official Branch 15,Official
CNS-068,Sneha Verma,+919022585366,sneha.verma@edtechglobal.com,BR-WL-14,WhiteLabel Branch 14,WhiteLabel
CNS-069,Karan Sharma,+919631832764,karan.sharma@edtechglobal.com,BR-OFF-15,Official Branch 15,Official
CNS-070,Pooja Patel,+919760038427,pooja.patel@edtechglobal.com,BR-WL-17,WhiteLabel Branch 17,WhiteLabel
CNS-071,Rahul Sharma,+919072370545,rahul.sharma@edtechglobal.com,BR-OFF-03,Official Branch 03,Official
CNS-072,Sachin Verma,+919076082500,sachin.verma@edtechglobal.com,BR-WL-09,WhiteLabel Branch 09,WhiteLabel
CNS-073,Vikram Joshi,+919718309417,vikram.joshi@edtechglobal.com,BR-WL-08,WhiteLabel Branch 08,WhiteLabel
CNS-074,Anjali Trivedi,+919142068763,anjali.trivedi@edtechglobal.com,BR-WL-23,WhiteLabel Branch 23,WhiteLabel
CNS-075,Pankaj Rathod,+919618702544,pankaj.rathod@edtechglobal.com,BR-WL-07,WhiteLabel Branch 07,WhiteLabel
CNS-076,Vikram Gupta,+919867043303,vikram.gupta@edtechglobal.com,BR-WL-03,WhiteLabel Branch 03,WhiteLabel
CNS-077,Anjali Patel,+919104078666,anjali.patel@edtechglobal.com,BR-WL-19,WhiteLabel Branch 19,WhiteLabel
CNS-078,Alok Verma,+919454814084,alok.verma@edtechglobal.com,BR-WL-03,WhiteLabel Branch 03,WhiteLabel
CNS-079,Swati Bhatt,+919058165865,swati.bhatt@edtechglobal.com,BR-WL-20,WhiteLabel Branch 20,WhiteLabel
CNS-080,Bhavna Chauhan,+919105675387,bhavna.chauhan@edtechglobal.com,BR-OFF-04,Official Branch 04,Official
CNS-081,Neha Bhatt,+919364323393,neha.bhatt@edtechglobal.com,BR-OFF-07,Official Branch 07,Official
CNS-082,Vikram Sharma,+919204235259,vikram.sharma@edtechglobal.com,BR-WL-11,WhiteLabel Branch 11,WhiteLabel
CNS-083,Swati Mehta,+919452991960,swati.mehta@edtechglobal.com,BR-OFF-12,Official Branch 12,Official
CNS-084,Priya Gupta,+919268227631,priya.gupta@edtechglobal.com,BR-OFF-05,Official Branch 05,Official
CNS-085,Swati Trivedi,+919105128697,swati.trivedi@edtechglobal.com,BR-OFF-04,Official Branch 04,Official
CNS-086,Bhavna Trivedi,+919897677788,bhavna.trivedi@edtechglobal.com,BR-OFF-01,Official Branch 01,Official
CNS-087,Sneha Sharma,+919178575192,sneha.sharma@edtechglobal.com,BR-WL-03,WhiteLabel Branch 03,WhiteLabel
CNS-088,Gaurav Gupta,+919229509408,gaurav.gupta@edtechglobal.com,BR-WL-02,WhiteLabel Branch 02,WhiteLabel
CNS-089,Megha Shah,+919176777762,megha.shah@edtechglobal.com,BR-WL-01,WhiteLabel Branch 01,WhiteLabel
CNS-090,Pooja Desai,+919284759615,pooja.desai@edtechglobal.com,BR-WL-06,WhiteLabel Branch 06,WhiteLabel
CNS-091,Manish Desai,+919747959430,manish.desai@edtechglobal.com,BR-WL-23,WhiteLabel Branch 23,WhiteLabel
CNS-092,Mayank Trivedi,+919710678904,mayank.trivedi@edtechglobal.com,BR-WL-22,WhiteLabel Branch 22,WhiteLabel
CNS-093,Gaurav Mehta,+919203901283,gaurav.mehta@edtechglobal.com,BR-OFF-19,Official Branch 19,Official
CNS-094,Anjali Shah,+919621890096,anjali.shah@edtechglobal.com,BR-WL-24,WhiteLabel Branch 24,WhiteLabel
CNS-095,Karan Shah,+919803132646,karan.shah@edtechglobal.com,BR-OFF-21,Official Branch 21,Official
CNS-096,Rahul Shah,+919627255918,rahul.shah@edtechglobal.com,BR-WL-07,WhiteLabel Branch 07,WhiteLabel
CNS-097,Preeti Trivedi,+919169042105,preeti.trivedi@edtechglobal.com,BR-OFF-04,Official Branch 04,Official
CNS-098,Preeti Patel,+919914122100,preeti.patel@edtechglobal.com,BR-OFF-12,Official Branch 12,Official
CNS-099,Sneha Rathod,+919072972420,sneha.rathod@edtechglobal.com,BR-WL-20,WhiteLabel Branch 20,WhiteLabel
CNS-100,Sachin Sharma,+919433550699,sachin.sharma@edtechglobal.com,BR-OFF-08,Official Branch 08,Official
