Call_ID,Lead_ID,Student_Phone,Counselor_ID,Counselor_Name,Counselor_Phone,Branch_ID,Branch_Name,Call_Date,Call_Duration_Seconds,Call_Status
CALL-50001,LEAD-10001,+918572960901,CNS-021,Sachin Patel,+919408157429,BR-OFF-18,Official Branch 18,2026-08-08 17:22:00,11,Connected
CALL-50002,LEAD-10002,+918478724683,CNS-004,Megha Trivedi,+919093349856,BR-WL-14,WhiteLabel Branch 14,2026-08-08 15:41:00,575,Connected
CALL-50003,LEAD-10003,+918711138924,CNS-004,Megha Trivedi,+919093349856,BR-WL-14,WhiteLabel Branch 14,2026-08-16 11:38:00,259,Connected
CALL-50004,LEAD-10004,+918937148728,CNS-078,Alok Verma,+919454814084,BR-WL-03,WhiteLabel Branch 03,2026-08-08 10:33:00,542,Connected
CALL-50005,LEAD-10010,+919444817696,CNS-040,Sneha Shah,+919924602213,BR-OFF-08,Official Branch 08,2026-08-08 11:29:00,423,Connected
CALL-50006,LEAD-10011,+918417546486,CNS-092,Mayank Trivedi,+919710678904,BR-WL-22,WhiteLabel Branch 22,2026-08-26 11:49:00,532,Connected
CALL-50007,LEAD-10012,+918997613291,CNS-007,Pooja Trivedi,+919213500298,BR-WL-22,WhiteLabel Branch 22,2026-08-16 15:48:00,521,Connected
CALL-50008,LEAD-10016,+918892868375,CNS-008,Bhavna Bhatt,+919585126461,BR-WL-03,WhiteLabel Branch 03,2026-08-26 10:54:00,596,Connected
CALL-50009,LEAD-10018,+919048464828,CNS-029,Vikram Chauhan,+919348195935,BR-WL-26,WhiteLabel Branch 26,2026-08-26 12:53:00,527,Connected
CALL-50010,LEAD-10019,+919147021774,CNS-004,Megha Trivedi,+919093349856,BR-WL-14,WhiteLabel Branch 14,2026-08-16 12:03:00,249,Connected
CALL-50011,LEAD-10020,+918976459372,CNS-042,Alok Rathod,+919068212356,BR-WL-01,WhiteLabel Branch 01,2026-08-16 11:30:00,13,Connected
CALL-50012,LEAD-10021,+917010382761,CNS-045,Harish Bhatt,+919122998994,BR-WL-20,WhiteLabel Branch 20,2026-08-08 10:39:00,11,Connected
CALL-50013,LEAD-10022,+919437651928,CNS-015,Mayank Shah,+919783543540,BR-WL-06,WhiteLabel Branch 06,2026-08-08 11:49:00,24,Connected
CALL-50014,LEAD-10023,+919242716010,CNS-004,Megha Trivedi,+919093349856,BR-WL-14,WhiteLabel Branch 14,2026-08-26 13:06:00,281,Connected
CALL-50015,LEAD-10026,+919518933756,CNS-020,Vikram Joshi,+919085675980,BR-OFF-15,Official Branch 15,2026-08-16 18:49:00,555,Connected
CALL-50016,LEAD-10027,+918576375035,CNS-042,Alok Rathod,+919068212356,BR-WL-01,WhiteLabel Branch 01,2026-08-08 16:21:00,19,Connected
CALL-50017,LEAD-10028,+917111225158,CNS-063,Alok Sharma,+919997413271,BR-WL-11,WhiteLabel Branch 11,2026-08-26 18:00:00,539,Connected
CALL-50018,LEAD-10031,+919601884147,CNS-071,Rahul Sharma,+919072370545,BR-OFF-03,Official Branch 03,2026-08-16 13:20:00,298,Connected
CALL-50019,LEAD-10034,+917606907788,CNS-038,Megha Rathod,+919428853029,BR-OFF-24,Official Branch 24,2026-08-08 17:30:00,473,Connected
CALL-50020,LEAD-10037,+918484659429,CNS-100,Sachin Sharma,+919433550699,BR-OFF-08,Official Branch 08,2026-08-26 10:39:00,399,Connected
CALL-50021,LEAD-10038,+919343283301,CNS-028,Pankaj Chauhan,+919738908273,BR-WL-12,WhiteLabel Branch 12,2026-08-26 10:26:00,218,Connected
CALL-50022,LEAD-10040,+919691847804,CNS-081,Neha Bhatt,+919364323393,BR-OFF-07,Official Branch 07,2026-08-08 14:52:00,511,Connected
CALL-50023,LEAD-10043,+918055544440,CNS-012,Kavita Sharma,+919819795579,BR-OFF-22,Official Branch 22,2026-08-26 14:36:00,660,Connected
CALL-50024,LEAD-10044,+917192587044,CNS-061,Kavita Chauhan,+919510330567,BR-WL-12,WhiteLabel Branch 12,2026-08-26 17:05:00,403,Connected
CALL-50025,LEAD-10046,+918078806495,CNS-059,Rajesh Gupta,+919876198296,BR-OFF-05,Official Branch 05,2026-08-16 10:42:00,622,Connected
CALL-50026,LEAD-10048,+918940847139,CNS-090,Pooja Desai,+919284759615,BR-WL-06,WhiteLabel Branch 06,2026-08-26 14:35:00,10,Connected
CALL-50027,LEAD-10050,+918892258709,CNS-062,Rohan Joshi,+919566585408,BR-WL-15,WhiteLabel Branch 15,2026-08-08 12:55:00,486,Connected
CALL-50028,LEAD-10051,+917840081098,CNS-054,Rohan Trivedi,+919836043811,BR-WL-10,WhiteLabel Branch 10,2026-08-16 17:55:00,14,Connected
CALL-50029,LEAD-10053,+919227926094,CNS-050,Priya Trivedi,+919818150683,BR-OFF-12,Official Branch 12,2026-08-16 16:42:00,541,Connected
CALL-50030,LEAD-10054,+919063710167,CNS-005,Alok Shah,+919031994523,BR-OFF-06,Official Branch 06,2026-08-16 18:58:00,8,Connected
CALL-50031,LEAD-10055,+918880422375,CNS-084,Priya Gupta,+919268227631,BR-OFF-05,Official Branch 05,2026-08-26 15:54:00,383,Connected
CALL-50032,LEAD-10056,+918680024649,CNS-081,Neha Bhatt,+919364323393,BR-OFF-07,Official Branch 07,2026-08-08 14:14:00,300,Connected
CALL-50033,LEAD-10057,+919632881476,CNS-082,Vikram Sharma,+919204235259,BR-WL-11,WhiteLabel Branch 11,2026-08-16 10:20:00,642,Connected
CALL-50034,LEAD-10059,+919870113799,CNS-049,Pooja Bhatt,+919940439931,BR-WL-23,WhiteLabel Branch 23,2026-08-08 17:40:00,358,Connected
CALL-50035,LEAD-10060,+918020180825,CNS-060,Monika Trivedi,+919822308461,BR-OFF-09,Official Branch 09,2026-08-16 16:44:00,480,Connected
CALL-50036,LEAD-10062,+918047114926,CNS-085,Swati Trivedi,+919105128697,BR-OFF-04,Official Branch 04,2026-08-26 17:53:00,6,Connected
CALL-50037,LEAD-10063,+919303662148,CNS-046,Megha Trivedi,+919806248900,BR-OFF-18,Official Branch 18,2026-08-26 12:40:00,572,Connected
CALL-50038,LEAD-10065,+917008399996,CNS-096,Rahul Shah,+919627255918,BR-WL-07,WhiteLabel Branch 07,2026-08-16 18:58:00,21,Connected
CALL-50039,LEAD-10067,+917396776692,CNS-087,Sneha Sharma,+919178575192,BR-WL-03,WhiteLabel Branch 03,2026-08-16 18:07:00,187,Connected
CALL-50040,LEAD-10068,+918562987343,CNS-075,Pankaj Rathod,+919618702544,BR-WL-07,WhiteLabel Branch 07,2026-08-08 18:20:00,421,Connected
CALL-50041,LEAD-10069,+918135757554,CNS-082,Vikram Sharma,+919204235259,BR-WL-11,WhiteLabel Branch 11,2026-08-08 17:07:00,199,Connected
CALL-50042,LEAD-10071,+919406434075,CNS-013,Amit Patel,+919407943839,BR-OFF-07,Official Branch 07,2026-08-16 17:15:00,291,Connected
CALL-50043,LEAD-10072,+918788845815,CNS-070,Pooja Patel,+919760038427,BR-WL-17,WhiteLabel Branch 17,2026-08-08 11:42:00,614,Connected
CALL-50044,LEAD-10073,+918045864788,CNS-007,Pooja Trivedi,+919213500298,BR-WL-22,WhiteLabel Branch 22,2026-08-26 13:21:00,286,Connected
CALL-50045,LEAD-10074,+918006089297,CNS-036,Vikram Bhatt,+919602764446,BR-WL-11,WhiteLabel Branch 11,2026-08-08 12:00:00,5,Connected
CALL-50046,LEAD-10075,+919264552021,CNS-042,Alok Rathod,+919068212356,BR-WL-01,WhiteLabel Branch 01,2026-08-16 11:30:00,449,Connected
CALL-50047,LEAD-10076,+919274888066,CNS-014,Sanjay Verma,+919648245888,BR-OFF-17,Official Branch 17,2026-08-26 17:41:00,446,Connected
CALL-50048,LEAD-10079,+918633288094,CNS-059,Rajesh Gupta,+919876198296,BR-OFF-05,Official Branch 05,2026-08-08 18:46:00,25,Connected
CALL-50049,LEAD-10081,+918547371670,CNS-048,Manish Desai,+919169820594,BR-WL-06,WhiteLabel Branch 06,2026-08-08 11:47:00,227,Connected
CALL-50050,LEAD-10083,+919864213687,CNS-093,Gaurav Mehta,+919203901283,BR-OFF-19,Official Branch 19,2026-08-26 12:42:00,439,Connected
CALL-50051,LEAD-10084,+918751864071,CNS-072,Sachin Verma,+919076082500,BR-WL-09,WhiteLabel Branch 09,2026-08-16 18:01:00,612,Connected
CALL-50052,LEAD-10085,+918062176491,CNS-024,Harish Joshi,+919753573823,BR-WL-20,WhiteLabel Branch 20,2026-08-08 16:04:00,625,Connected
CALL-50053,LEAD-10087,+919668241784,CNS-073,Vikram Joshi,+919718309417,BR-WL-08,WhiteLabel Branch 08,2026-08-26 14:28:00,205,Connected
CALL-50054,LEAD-10088,+918949282659,CNS-054,Rohan Trivedi,+919836043811,BR-WL-10,WhiteLabel Branch 10,2026-08-08 17:33:00,325,Connected
CALL-50055,LEAD-10089,+918848821668,CNS-077,Anjali Patel,+919104078666,BR-WL-19,WhiteLabel Branch 19,2026-08-08 14:18:00,631,Connected
CALL-50056,LEAD-10092,+918621729177,CNS-015,Mayank Shah,+919783543540,BR-WL-06,WhiteLabel Branch 06,2026-08-26 15:05:00,19,Connected
CALL-50057,LEAD-10093,+918935608212,CNS-076,Vikram Gupta,+919867043303,BR-WL-03,WhiteLabel Branch 03,2026-08-26 13:21:00,15,Connected
CALL-50058,LEAD-10094,+919359839619,CNS-015,Mayank Shah,+919783543540,BR-WL-06,WhiteLabel Branch 06,2026-08-26 13:06:00,597,Connected
CALL-50059,LEAD-10095,+917284756779,CNS-078,Alok Verma,+919454814084,BR-WL-03,WhiteLabel Branch 03,2026-08-26 17:43:00,432,Connected
CALL-50060,LEAD-10096,+919364292751,CNS-080,Bhavna Chauhan,+919105675387,BR-OFF-04,Official Branch 04,2026-08-08 14:50:00,420,Connected
CALL-50061,LEAD-10097,+919089497668,CNS-010,Mayank Shah,+919814763202,BR-OFF-11,Official Branch 11,2026-08-16 11:39:00,219,Connected
CALL-50062,LEAD-10099,+918222268589,CNS-044,Priya Trivedi,+919924255163,BR-OFF-01,Official Branch 01,2026-08-26 18:33:00,404,Connected
CALL-50063,LEAD-10100,+918607509343,CNS-050,Priya Trivedi,+919818150683,BR-OFF-12,Official Branch 12,2026-08-26 11:21:00,511,Connected
CALL-50064,LEAD-10101,+917949332407,CNS-037,Priya Bhatt,+919627694430,BR-WL-04,WhiteLabel Branch 04,2026-08-16 12:58:00,7,Connected
CALL-50065,LEAD-10104,+917321455482,CNS-028,Pankaj Chauhan,+919738908273,BR-WL-12,WhiteLabel Branch 12,2026-08-08 14:54:00,259,Connected
CALL-50066,LEAD-10105,+919793406165,CNS-095,Karan Shah,+919803132646,BR-OFF-21,Official Branch 21,2026-08-26 16:09:00,9,Connected
CALL-50067,LEAD-10106,+919737408157,CNS-022,Swati Chauhan,+919895619255,BR-OFF-24,Official Branch 24,2026-08-26 14:48:00,301,Connected
CALL-50068,LEAD-10107,+919146780218,CNS-031,Mayank Verma,+919430747414,BR-OFF-18,Official Branch 18,2026-08-26 14:49:00,405,Connected
CALL-50069,LEAD-10109,+918612168168,CNS-011,Deepa Desai,+919365341213,BR-OFF-18,Official Branch 18,2026-08-16 17:56:00,226,Connected
CALL-50070,LEAD-10110,+918114368302,CNS-051,Preeti Patel,+919934712197,BR-WL-17,WhiteLabel Branch 17,2026-08-16 10:20:00,354,Connected
CALL-50071,LEAD-10112,+918040810538,CNS-033,Megha Bhatt,+919337882805,BR-OFF-14,Official Branch 14,2026-08-26 16:07:00,510,Connected
CALL-50072,LEAD-10116,+917757704655,CNS-065,Deepa Joshi,+919428414718,BR-WL-19,WhiteLabel Branch 19,2026-08-08 16:23:00,25,Connected
CALL-50073,LEAD-10117,+919693333852,CNS-009,Vikram Gupta,+919632719211,BR-OFF-18,Official Branch 18,2026-08-26 12:02:00,15,Connected
CALL-50074,LEAD-10119,+918630163133,CNS-026,Rohan Trivedi,+919782893941,BR-OFF-16,Official Branch 16,2026-08-16 18:30:00,443,Connected
CALL-50075,LEAD-10120,+918410391499,CNS-037,Priya Bhatt,+919627694430,BR-WL-04,WhiteLabel Branch 04,2026-08-16 17:57:00,403,Connected
CALL-50076,LEAD-10121,+919065588316,CNS-089,Megha Shah,+919176777762,BR-WL-01,WhiteLabel Branch 01,2026-08-26 11:27:00,18,Connected
CALL-50077,LEAD-10124,+918161149677,CNS-086,Bhavna Trivedi,+919897677788,BR-OFF-01,Official Branch 01,2026-08-26 10:09:00,10,Connected
CALL-50078,LEAD-10125,+918074730219,CNS-017,Sneha Trivedi,+919314797776,BR-WL-17,WhiteLabel Branch 17,2026-08-26 17:23:00,196,Connected
CALL-50079,LEAD-10127,+917577280546,CNS-067,Swati Patel,+919266186631,BR-OFF-15,Official Branch 15,2026-08-26 13:39:00,19,Connected
CALL-50080,LEAD-10128,+918429879714,CNS-016,Karan Patel,+919990307112,BR-WL-01,WhiteLabel Branch 01,2026-08-26 15:42:00,407,Connected
CALL-50081,LEAD-10129,+919164304132,CNS-038,Megha Rathod,+919428853029,BR-OFF-24,Official Branch 24,2026-08-26 11:12:00,12,Connected
CALL-50082,LEAD-10130,+918056444521,CNS-047,Monika Chauhan,+919365260635,BR-OFF-08,Official Branch 08,2026-08-26 11:04:00,9,Connected
CALL-50083,LEAD-10131,+919128922830,CNS-053,Anjali Mehta,+919401486939,BR-WL-25,WhiteLabel Branch 25,2026-08-16 17:29:00,508,Connected
CALL-50084,LEAD-10132,+919885405071,CNS-100,Sachin Sharma,+919433550699,BR-OFF-08,Official Branch 08,2026-08-08 18:58:00,18,Connected
CALL-50085,LEAD-10133,+919112615862,CNS-020,Vikram Joshi,+919085675980,BR-OFF-15,Official Branch 15,2026-08-08 18:57:00,417,Connected
CALL-50086,LEAD-10135,+918367650534,CNS-085,Swati Trivedi,+919105128697,BR-OFF-04,Official Branch 04,2026-08-26 10:05:00,6,Connected
CALL-50087,LEAD-10137,+917965212976,CNS-038,Megha Rathod,+919428853029,BR-OFF-24,Official Branch 24,2026-08-26 14:29:00,17,Connected
CALL-50088,LEAD-10138,+917606907788,CNS-057,Megha Joshi,+919257109965,BR-OFF-04,Official Branch 04,2026-08-08 15:25:00,340,Connected
CALL-50089,LEAD-10139,+917292431670,CNS-072,Sachin Verma,+919076082500,BR-WL-09,WhiteLabel Branch 09,2026-08-16 11:03:00,306,Connected
CALL-50090,LEAD-10142,+918108534694,CNS-037,Priya Bhatt,+919627694430,BR-WL-04,WhiteLabel Branch 04,2026-08-08 16:08:00,613,Connected
CALL-50091,LEAD-10144,+918829677779,CNS-065,Deepa Joshi,+919428414718,BR-WL-19,WhiteLabel Branch 19,2026-08-26 11:08:00,24,Connected
CALL-50092,LEAD-10147,+918348970487,CNS-051,Preeti Patel,+919934712197,BR-WL-17,WhiteLabel Branch 17,2026-08-26 14:30:00,452,Connected
CALL-50093,LEAD-10149,+919240460419,CNS-030,Monika Shah,+919245938494,BR-OFF-03,Official Branch 03,2026-08-26 16:09:00,549,Connected
CALL-50094,LEAD-10150,+919229585282,CNS-090,Pooja Desai,+919284759615,BR-WL-06,WhiteLabel Branch 06,2026-08-08 16:32:00,391,Connected
CALL-50095,LEAD-10152,+919128453589,CNS-049,Pooja Bhatt,+919940439931,BR-WL-23,WhiteLabel Branch 23,2026-08-16 14:39:00,526,Connected
CALL-50096,LEAD-10154,+918618022979,CNS-016,Karan Patel,+919990307112,BR-WL-01,WhiteLabel Branch 01,2026-08-16 12:18:00,16,Connected
CALL-50097,LEAD-10155,+917994031334,CNS-045,Harish Bhatt,+919122998994,BR-WL-20,WhiteLabel Branch 20,2026-08-26 14:08:00,318,Connected
CALL-50098,LEAD-10156,+917946413444,CNS-031,Mayank Verma,+919430747414,BR-OFF-18,Official Branch 18,2026-08-08 16:21:00,206,Connected
CALL-50099,LEAD-10158,+918689702393,CNS-037,Priya Bhatt,+919627694430,BR-WL-04,WhiteLabel Branch 04,2026-08-26 12:26:00,550,Connected
CALL-50100,LEAD-10159,+919795732688,CNS-051,Preeti Patel,+919934712197,BR-WL-17,WhiteLabel Branch 17,2026-08-08 11:59:00,14,Connected
CALL-50101,LEAD-10161,+919570066595,CNS-059,Rajesh Gupta,+919876198296,BR-OFF-05,Official Branch 05,2026-08-16 13:11:00,584,Connected
CALL-50102,LEAD-10163,+918014667577,CNS-034,Bhavna Gupta,+919424806516,BR-WL-18,WhiteLabel Branch 18,2026-08-16 10:16:00,538,Connected
CALL-50103,LEAD-10165,+919482387311,CNS-016,Karan Patel,+919990307112,BR-WL-01,WhiteLabel Branch 01,2026-08-08 17:47:00,424,Connected
CALL-50104,LEAD-10166,+919507406235,CNS-071,Rahul Sharma,+919072370545,BR-OFF-03,Official Branch 03,2026-08-26 11:33:00,24,Connected
CALL-50105,LEAD-10167,+918167724308,CNS-073,Vikram Joshi,+919718309417,BR-WL-08,WhiteLabel Branch 08,2026-08-26 15:54:00,256,Connected
CALL-50106,LEAD-10171,+918068150126,CNS-037,Priya Bhatt,+919627694430,BR-WL-04,WhiteLabel Branch 04,2026-08-16 16:05:00,409,Connected
CALL-50107,LEAD-10172,+918285593428,CNS-084,Priya Gupta,+919268227631,BR-OFF-05,Official Branch 05,2026-08-08 10:48:00,552,Connected
CALL-50108,LEAD-10173,+917321455482,CNS-087,Sneha Sharma,+919178575192,BR-WL-03,WhiteLabel Branch 03,2026-08-08 15:09:00,306,Connected
CALL-50109,LEAD-10174,+918069186145,CNS-085,Swati Trivedi,+919105128697,BR-OFF-04,Official Branch 04,2026-08-08 17:38:00,484,Connected
CALL-50110,LEAD-10176,+917008399996,CNS-094,Anjali Shah,+919621890096,BR-WL-24,WhiteLabel Branch 24,2026-08-16 14:56:00,12,Connected
CALL-50111,LEAD-10178,+919344310025,CNS-087,Sneha Sharma,+919178575192,BR-WL-03,WhiteLabel Branch 03,2026-08-26 16:50:00,583,Connected
CALL-50112,LEAD-10182,+917226161867,CNS-078,Alok Verma,+919454814084,BR-WL-03,WhiteLabel Branch 03,2026-08-26 13:30:00,22,Connected
CALL-50113,LEAD-10185,+919101265133,CNS-064,Monika Bhatt,+919740739735,BR-OFF-13,Official Branch 13,2026-08-16 15:20:00,11,Connected
CALL-50114,LEAD-10189,+917010382761,CNS-024,Harish Joshi,+919753573823,BR-WL-20,WhiteLabel Branch 20,2026-08-08 10:26:00,598,Connected
CALL-50115,LEAD-10191,+917965212976,CNS-079,Swati Bhatt,+919058165865,BR-WL-20,WhiteLabel Branch 20,2026-08-26 10:33:00,390,Connected
CALL-50116,LEAD-10192,+918036813447,CNS-065,Deepa Joshi,+919428414718,BR-WL-19,WhiteLabel Branch 19,2026-08-08 13:12:00,448,Connected
CALL-50117,LEAD-10194,+919403886765,CNS-084,Priya Gupta,+919268227631,BR-OFF-05,Official Branch 05,2026-08-16 12:05:00,208,Connected
CALL-50118,LEAD-10195,+919684435297,CNS-043,Neha Rathod,+919502564736,BR-WL-10,WhiteLabel Branch 10,2026-08-08 17:17:00,348,Connected
CALL-50119,LEAD-10196,+917279995032,CNS-036,Vikram Bhatt,+919602764446,BR-WL-11,WhiteLabel Branch 11,2026-08-16 12:48:00,188,Connected
CALL-50120,LEAD-10197,+918165222006,CNS-039,Vikram Mehta,+919547099690,BR-WL-08,WhiteLabel Branch 08,2026-08-16 15:24:00,22,Connected
CALL-50121,LEAD-10198,+919075444449,CNS-096,Rahul Shah,+919627255918,BR-WL-07,WhiteLabel Branch 07,2026-08-08 16:49:00,354,Connected
CALL-50122,LEAD-10199,+919682656813,CNS-058,Vikram Rathod,+919084564737,BR-OFF-06,Official Branch 06,2026-08-16 16:05:00,335,Connected
CALL-50123,LEAD-10201,+918228816366,CNS-012,Kavita Sharma,+919819795579,BR-OFF-22,Official Branch 22,2026-08-08 11:11:00,9,Connected
CALL-50124,LEAD-10203,+918026501275,CNS-038,Megha Rathod,+919428853029,BR-OFF-24,Official Branch 24,2026-08-08 18:10:00,532,Connected
CALL-50125,LEAD-10204,+918577499085,CNS-039,Vikram Mehta,+919547099690,BR-WL-08,WhiteLabel Branch 08,2026-08-16 17:50:00,395,Connected
CALL-50126,LEAD-10206,+917264371717,CNS-051,Preeti Patel,+919934712197,BR-WL-17,WhiteLabel Branch 17,2026-08-16 15:27:00,19,Connected
CALL-50127,LEAD-10208,+919578130681,CNS-089,Megha Shah,+919176777762,BR-WL-01,WhiteLabel Branch 01,2026-08-16 15:07:00,598,Connected
CALL-50128,LEAD-10209,+919171729551,CNS-024,Harish Joshi,+919753573823,BR-WL-20,WhiteLabel Branch 20,2026-08-16 13:28:00,602,Connected
CALL-50129,LEAD-10210,+919758715152,CNS-053,Anjali Mehta,+919401486939,BR-WL-25,WhiteLabel Branch 25,2026-08-26 16:04:00,258,Connected
CALL-50130,LEAD-10212,+919275218609,CNS-082,Vikram Sharma,+919204235259,BR-WL-11,WhiteLabel Branch 11,2026-08-26 16:48:00,202,Connected
CALL-50131,LEAD-10214,+919658592309,CNS-087,Sneha Sharma,+919178575192,BR-WL-03,WhiteLabel Branch 03,2026-08-08 14:26:00,427,Connected
CALL-50132,LEAD-10216,+918209643868,CNS-057,Megha Joshi,+919257109965,BR-OFF-04,Official Branch 04,2026-08-08 10:54:00,594,Connected
CALL-50133,LEAD-10218,+919713167506,CNS-052,Manish Chauhan,+919545098869,BR-WL-15,WhiteLabel Branch 15,2026-08-26 17:37:00,494,Connected
CALL-50134,LEAD-10219,+918441918814,CNS-036,Vikram Bhatt,+919602764446,BR-WL-11,WhiteLabel Branch 11,2026-08-26 15:12:00,275,Connected
CALL-50135,LEAD-10220,+919852497879,CNS-063,Alok Sharma,+919997413271,BR-WL-11,WhiteLabel Branch 11,2026-08-16 15:22:00,480,Connected
CALL-50136,LEAD-10226,+919709141184,CNS-098,Preeti Patel,+919914122100,BR-OFF-12,Official Branch 12,2026-08-16 17:35:00,266,Connected
CALL-50137,LEAD-10227,+918575287044,CNS-100,Sachin Sharma,+919433550699,BR-OFF-08,Official Branch 08,2026-08-08 18:13:00,19,Connected
CALL-50138,LEAD-10228,+919613502162,CNS-032,Sneha Sharma,+919980472440,BR-WL-13,WhiteLabel Branch 13,2026-08-08 13:13:00,404,Connected
CALL-50139,LEAD-10230,+919143064305,CNS-036,Vikram Bhatt,+919602764446,BR-WL-11,WhiteLabel Branch 11,2026-08-16 14:54:00,388,Connected
CALL-50140,LEAD-10231,+919750587674,CNS-013,Amit Patel,+919407943839,BR-OFF-07,Official Branch 07,2026-08-26 12:15:00,304,Connected
CALL-50141,LEAD-10235,+918854088331,CNS-028,Pankaj Chauhan,+919738908273,BR-WL-12,WhiteLabel Branch 12,2026-08-16 12:36:00,352,Connected
CALL-50142,LEAD-10236,+919465769095,CNS-098,Preeti Patel,+919914122100,BR-OFF-12,Official Branch 12,2026-08-08 10:27:00,405,Connected
CALL-50143,LEAD-10240,+919847566704,CNS-055,Pankaj Shah,+919643111853,BR-OFF-21,Official Branch 21,2026-08-08 11:20:00,554,Connected
CALL-50144,LEAD-10241,+918821887197,CNS-100,Sachin Sharma,+919433550699,BR-OFF-08,Official Branch 08,2026-08-26 12:28:00,184,Connected
CALL-50145,LEAD-10242,+919606895101,CNS-020,Vikram Joshi,+919085675980,BR-OFF-15,Official Branch 15,2026-08-08 12:48:00,8,Connected
CALL-50146,LEAD-10243,+917928363301,CNS-045,Harish Bhatt,+919122998994,BR-WL-20,WhiteLabel Branch 20,2026-08-08 14:49:00,307,Connected
CALL-50147,LEAD-10244,+919880824574,CNS-039,Vikram Mehta,+919547099690,BR-WL-08,WhiteLabel Branch 08,2026-08-16 13:31:00,331,Connected
CALL-50148,LEAD-10245,+919370271375,CNS-077,Anjali Patel,+919104078666,BR-WL-19,WhiteLabel Branch 19,2026-08-08 16:23:00,438,Connected
CALL-50149,LEAD-10246,+919654350647,CNS-010,Mayank Shah,+919814763202,BR-OFF-11,Official Branch 11,2026-08-08 18:18:00,210,Connected
CALL-50150,LEAD-10249,+919500395034,CNS-056,Gaurav Shah,+919120117054,BR-OFF-24,Official Branch 24,2026-08-16 10:19:00,239,Connected
CALL-50151,LEAD-10250,+918256501907,CNS-002,Priya Sharma,+919239670711,BR-OFF-09,Official Branch 09,2026-08-16 14:10:00,447,Connected
CALL-50152,LEAD-10253,+919660711292,CNS-014,Sanjay Verma,+919648245888,BR-OFF-17,Official Branch 17,2026-08-26 10:15:00,181,Connected
CALL-50153,LEAD-10254,+917292431670,CNS-020,Vikram Joshi,+919085675980,BR-OFF-15,Official Branch 15,2026-08-26 16:14:00,25,Connected
CALL-50154,LEAD-10256,+918860979563,CNS-009,Vikram Gupta,+919632719211,BR-OFF-18,Official Branch 18,2026-08-26 15:12:00,413,Connected
CALL-50155,LEAD-10257,+919588227330,CNS-080,Bhavna Chauhan,+919105675387,BR-OFF-04,Official Branch 04,2026-08-08 18:48:00,615,Connected
CALL-50156,LEAD-10258,+918880545841,CNS-004,Megha Trivedi,+919093349856,BR-WL-14,WhiteLabel Branch 14,2026-08-08 16:54:00,628,Connected
CALL-50157,LEAD-10259,+918440651552,CNS-068,Sneha Verma,+919022585366,BR-WL-14,WhiteLabel Branch 14,2026-08-08 14:05:00,604,Connected
CALL-50158,LEAD-10260,+917396776692,CNS-067,Swati Patel,+919266186631,BR-OFF-15,Official Branch 15,2026-08-08 11:32:00,537,Connected
CALL-50159,LEAD-10261,+917218610946,CNS-076,Vikram Gupta,+919867043303,BR-WL-03,WhiteLabel Branch 03,2026-08-16 16:44:00,615,Connected
CALL-50160,LEAD-10262,+918972290081,CNS-035,Swati Mehta,+919284412919,BR-OFF-09,Official Branch 09,2026-08-26 12:06:00,8,Connected
CALL-50161,LEAD-10263,+918872979057,CNS-016,Karan Patel,+919990307112,BR-WL-01,WhiteLabel Branch 01,2026-08-16 11:10:00,616,Connected
CALL-50162,LEAD-10264,+918086607612,CNS-028,Pankaj Chauhan,+919738908273,BR-WL-12,WhiteLabel Branch 12,2026-08-16 10:43:00,502,Connected
CALL-50163,LEAD-10265,+918066748274,CNS-052,Manish Chauhan,+919545098869,BR-WL-15,WhiteLabel Branch 15,2026-08-16 11:00:00,232,Connected
CALL-50164,LEAD-10267,+918046815527,CNS-009,Vikram Gupta,+919632719211,BR-OFF-18,Official Branch 18,2026-08-16 17:03:00,242,Connected
CALL-50165,LEAD-10273,+918125823710,CNS-061,Kavita Chauhan,+919510330567,BR-WL-12,WhiteLabel Branch 12,2026-08-08 13:17:00,366,Connected
CALL-50166,LEAD-10274,+919640784281,CNS-029,Vikram Chauhan,+919348195935,BR-WL-26,WhiteLabel Branch 26,2026-08-08 13:37:00,330,Connected
CALL-50167,LEAD-10276,+919164203721,CNS-040,Sneha Shah,+919924602213,BR-OFF-08,Official Branch 08,2026-08-26 18:30:00,292,Connected
CALL-50168,LEAD-10277,+917330989881,CNS-017,Sneha Trivedi,+919314797776,BR-WL-17,WhiteLabel Branch 17,2026-08-08 11:54:00,480,Connected
CALL-50169,LEAD-10278,+918802280088,CNS-091,Manish Desai,+919747959430,BR-WL-23,WhiteLabel Branch 23,2026-08-16 16:50:00,249,Connected
CALL-50170,LEAD-10279,+918681360899,CNS-023,Rohan Verma,+919381469012,BR-OFF-14,Official Branch 14,2026-08-08 12:24:00,23,Connected
CALL-50171,LEAD-10280,+918273478543,CNS-023,Rohan Verma,+919381469012,BR-OFF-14,Official Branch 14,2026-08-26 15:58:00,196,Connected
CALL-50172,LEAD-10283,+918752652566,CNS-033,Megha Bhatt,+919337882805,BR-OFF-14,Official Branch 14,2026-08-26 16:31:00,394,Connected
CALL-50173,LEAD-10284,+918806052769,CNS-013,Amit Patel,+919407943839,BR-OFF-07,Official Branch 07,2026-08-08 14:01:00,589,Connected
CALL-50174,LEAD-10286,+919512912217,CNS-004,Megha Trivedi,+919093349856,BR-WL-14,WhiteLabel Branch 14,2026-08-08 11:21:00,6,Connected
CALL-50175,LEAD-10287,+919550565015,CNS-094,Anjali Shah,+919621890096,BR-WL-24,WhiteLabel Branch 24,2026-08-09 18:53:00,205,Connected
CALL-50176,LEAD-10289,+917604509817,CNS-038,Megha Rathod,+919428853029,BR-OFF-24,Official Branch 24,2026-08-17 14:05:00,20,Connected
CALL-50177,LEAD-10290,+918796760503,CNS-049,Pooja Bhatt,+919940439931,BR-WL-23,WhiteLabel Branch 23,2026-08-17 14:36:00,314,Connected
CALL-50178,LEAD-10291,+917192587044,CNS-086,Bhavna Trivedi,+919897677788,BR-OFF-01,Official Branch 01,2026-08-17 13:35:00,23,Connected
CALL-50179,LEAD-10293,+919833821792,CNS-092,Mayank Trivedi,+919710678904,BR-WL-22,WhiteLabel Branch 22,2026-08-27 12:07:00,24,Connected
CALL-50180,LEAD-10294,+918358983646,CNS-028,Pankaj Chauhan,+919738908273,BR-WL-12,WhiteLabel Branch 12,2026-08-27 12:53:00,402,Connected
CALL-50181,LEAD-10295,+918186890015,CNS-050,Priya Trivedi,+919818150683,BR-OFF-12,Official Branch 12,2026-08-27 10:50:00,19,Connected
CALL-50182,LEAD-10297,+919208354171,CNS-100,Sachin Sharma,+919433550699,BR-OFF-08,Official Branch 08,2026-08-17 16:41:00,13,Connected
CALL-50183,LEAD-10299,+917283968123,CNS-031,Mayank Verma,+919430747414,BR-OFF-18,Official Branch 18,2026-08-09 14:19:00,15,Connected
CALL-50184,LEAD-10300,+918210920226,CNS-030,Monika Shah,+919245938494,BR-OFF-03,Official Branch 03,2026-08-17 16:38:00,13,Connected
CALL-50185,LEAD-10301,+918453957642,CNS-053,Anjali Mehta,+919401486939,BR-WL-25,WhiteLabel Branch 25,2026-08-27 11:19:00,10,Connected
CALL-50186,LEAD-10302,+919676146260,CNS-068,Sneha Verma,+919022585366,BR-WL-14,WhiteLabel Branch 14,2026-08-09 13:02:00,6,Connected
CALL-50187,LEAD-10303,+919513189876,CNS-026,Rohan Trivedi,+919782893941,BR-OFF-16,Official Branch 16,2026-08-09 13:23:00,528,Connected
CALL-50188,LEAD-10304,+919869343223,CNS-061,Kavita Chauhan,+919510330567,BR-WL-12,WhiteLabel Branch 12,2026-08-17 14:01:00,563,Connected
CALL-50189,LEAD-10305,+919674672448,CNS-028,Pankaj Chauhan,+919738908273,BR-WL-12,WhiteLabel Branch 12,2026-08-17 10:30:00,442,Connected
CALL-50190,LEAD-10307,+918985690740,CNS-033,Megha Bhatt,+919337882805,BR-OFF-14,Official Branch 14,2026-08-17 11:00:00,23,Connected
CALL-50191,LEAD-10309,+918698226538,CNS-036,Vikram Bhatt,+919602764446,BR-WL-11,WhiteLabel Branch 11,2026-08-27 10:51:00,571,Connected
CALL-50192,LEAD-10311,+919582120140,CNS-005,Alok Shah,+919031994523,BR-OFF-06,Official Branch 06,2026-08-27 17:58:00,293,Connected
CALL-50193,LEAD-10312,+918644663474,CNS-022,Swati Chauhan,+919895619255,BR-OFF-24,Official Branch 24,2026-08-09 18:48:00,559,Connected
CALL-50194,LEAD-10316,+917284756779,CNS-053,Anjali Mehta,+919401486939,BR-WL-25,WhiteLabel Branch 25,2026-08-09 17:21:00,7,Connected
CALL-50195,LEAD-10317,+919362576173,CNS-008,Bhavna Bhatt,+919585126461,BR-WL-03,WhiteLabel Branch 03,2026-08-09 12:31:00,23,Connected
CALL-50196,LEAD-10319,+918428238842,CNS-094,Anjali Shah,+919621890096,BR-WL-24,WhiteLabel Branch 24,2026-08-27 13:14:00,182,Connected
CALL-50197,LEAD-10320,+918276876799,CNS-014,Sanjay Verma,+919648245888,BR-OFF-17,Official Branch 17,2026-08-09 17:46:00,332,Connected
CALL-50198,LEAD-10321,+918931288987,CNS-088,Gaurav Gupta,+919229509408,BR-WL-02,WhiteLabel Branch 02,2026-08-09 10:14:00,17,Connected
CALL-50199,LEAD-10322,+919576417550,CNS-003,Rajesh Patel,+919726600539,BR-WL-24,WhiteLabel Branch 24,2026-08-27 16:56:00,585,Connected
CALL-50200,LEAD-10324,+918816588740,CNS-016,Karan Patel,+919990307112,BR-WL-01,WhiteLabel Branch 01,2026-08-27 14:26:00,502,Connected
CALL-50201,LEAD-10325,+918579771519,CNS-080,Bhavna Chauhan,+919105675387,BR-OFF-04,Official Branch 04,2026-08-09 11:18:00,21,Connected
CALL-50202,LEAD-10326,+917285201412,CNS-026,Rohan Trivedi,+919782893941,BR-OFF-16,Official Branch 16,2026-08-17 16:18:00,600,Connected
CALL-50203,LEAD-10327,+918446019428,CNS-089,Megha Shah,+919176777762,BR-WL-01,WhiteLabel Branch 01,2026-08-09 17:09:00,644,Connected
CALL-50204,LEAD-10329,+919746287356,CNS-023,Rohan Verma,+919381469012,BR-OFF-14,Official Branch 14,2026-08-17 11:06:00,18,Connected
CALL-50205,LEAD-10330,+918020771157,CNS-018,Nikhil Verma,+919619927151,BR-OFF-13,Official Branch 13,2026-08-17 11:23:00,498,Connected
CALL-50206,LEAD-10331,+918860663162,CNS-052,Manish Chauhan,+919545098869,BR-WL-15,WhiteLabel Branch 15,2026-08-27 11:08:00,10,Connected
CALL-50207,LEAD-10332,+918222722206,CNS-054,Rohan Trivedi,+919836043811,BR-WL-10,WhiteLabel Branch 10,2026-08-17 10:55:00,578,Connected
CALL-50208,LEAD-10333,+919037405653,CNS-063,Alok Sharma,+919997413271,BR-WL-11,WhiteLabel Branch 11,2026-08-27 18:49:00,340,Connected
CALL-50209,LEAD-10334,+918481003938,CNS-086,Bhavna Trivedi,+919897677788,BR-OFF-01,Official Branch 01,2026-08-27 17:22:00,552,Connected
CALL-50210,LEAD-10336,+918160771884,CNS-097,Preeti Trivedi,+919169042105,BR-OFF-04,Official Branch 04,2026-08-09 13:35:00,499,Connected
CALL-50211,LEAD-10337,+918169287416,CNS-059,Rajesh Gupta,+919876198296,BR-OFF-05,Official Branch 05,2026-08-17 11:31:00,408,Connected
CALL-50212,LEAD-10338,+918866380069,CNS-053,Anjali Mehta,+919401486939,BR-WL-25,WhiteLabel Branch 25,2026-08-27 14:56:00,24,Connected
CALL-50213,LEAD-10339,+919441980235,CNS-059,Rajesh Gupta,+919876198296,BR-OFF-05,Official Branch 05,2026-08-17 17:45:00,22,Connected
CALL-50214,LEAD-10340,+918244863304,CNS-013,Amit Patel,+919407943839,BR-OFF-07,Official Branch 07,2026-08-27 18:33:00,589,Connected
CALL-50215,LEAD-10341,+918352520964,CNS-064,Monika Bhatt,+919740739735,BR-OFF-13,Official Branch 13,2026-08-27 11:59:00,280,Connected
CALL-50216,LEAD-10342,+919770716541,CNS-025,Bhavna Patel,+919654049436,BR-WL-17,WhiteLabel Branch 17,2026-08-27 11:49:00,608,Connected
CALL-50217,LEAD-10344,+919677359740,CNS-023,Rohan Verma,+919381469012,BR-OFF-14,Official Branch 14,2026-08-27 18:56:00,487,Connected
CALL-50218,LEAD-10345,+918587542674,CNS-051,Preeti Patel,+919934712197,BR-WL-17,WhiteLabel Branch 17,2026-08-27 14:53:00,538,Connected
CALL-50219,LEAD-10346,+919528738538,CNS-095,Karan Shah,+919803132646,BR-OFF-21,Official Branch 21,2026-08-27 12:45:00,328,Connected
CALL-50220,LEAD-10347,+919164991568,CNS-089,Megha Shah,+919176777762,BR-WL-01,WhiteLabel Branch 01,2026-08-27 16:43:00,20,Connected
CALL-50221,LEAD-10348,+918614025655,CNS-055,Pankaj Shah,+919643111853,BR-OFF-21,Official Branch 21,2026-08-09 13:17:00,523,Connected
CALL-50222,LEAD-10349,+919467569559,CNS-033,Megha Bhatt,+919337882805,BR-OFF-14,Official Branch 14,2026-08-27 17:06:00,196,Connected
CALL-50223,LEAD-10350,+919857232952,CNS-029,Vikram Chauhan,+919348195935,BR-WL-26,WhiteLabel Branch 26,2026-08-27 10:59:00,327,Connected
CALL-50224,LEAD-10351,+918671419303,CNS-071,Rahul Sharma,+919072370545,BR-OFF-03,Official Branch 03,2026-08-17 15:48:00,604,Connected
CALL-50225,LEAD-10352,+918421914142,CNS-100,Sachin Sharma,+919433550699,BR-OFF-08,Official Branch 08,2026-08-27 12:47:00,218,Connected
CALL-50226,LEAD-10354,+917890505735,CNS-020,Vikram Joshi,+919085675980,BR-OFF-15,Official Branch 15,2026-08-27 17:50:00,495,Connected
CALL-50227,LEAD-10356,+918866331553,CNS-012,Kavita Sharma,+919819795579,BR-OFF-22,Official Branch 22,2026-08-17 17:35:00,291,Connected
CALL-50228,LEAD-10357,+918246363511,CNS-086,Bhavna Trivedi,+919897677788,BR-OFF-01,Official Branch 01,2026-08-09 15:24:00,260,Connected
CALL-50229,LEAD-10358,+918551024021,CNS-070,Pooja Patel,+919760038427,BR-WL-17,WhiteLabel Branch 17,2026-08-17 18:28:00,21,Connected
CALL-50230,LEAD-10359,+918413417212,CNS-042,Alok Rathod,+919068212356,BR-WL-01,WhiteLabel Branch 01,2026-08-27 10:40:00,513,Connected
CALL-50231,LEAD-10360,+917110373808,CNS-100,Sachin Sharma,+919433550699,BR-OFF-08,Official Branch 08,2026-08-09 16:41:00,22,Connected
CALL-50232,LEAD-10361,+918330185454,CNS-004,Megha Trivedi,+919093349856,BR-WL-14,WhiteLabel Branch 14,2026-08-09 18:04:00,271,Connected
CALL-50233,LEAD-10362,+918875384725,CNS-050,Priya Trivedi,+919818150683,BR-OFF-12,Official Branch 12,2026-08-17 18:00:00,524,Connected
CALL-50234,LEAD-10363,+919623413008,CNS-096,Rahul Shah,+919627255918,BR-WL-07,WhiteLabel Branch 07,2026-08-27 14:38:00,234,Connected
CALL-50235,LEAD-10368,+918395121364,CNS-029,Vikram Chauhan,+919348195935,BR-WL-26,WhiteLabel Branch 26,2026-08-27 10:54:00,589,Connected
CALL-50236,LEAD-10369,+919384427979,CNS-071,Rahul Sharma,+919072370545,BR-OFF-03,Official Branch 03,2026-08-09 15:22:00,551,Connected
CALL-50237,LEAD-10370,+917732363533,CNS-013,Amit Patel,+919407943839,BR-OFF-07,Official Branch 07,2026-08-17 14:44:00,348,Connected
CALL-50238,LEAD-10371,+918782743683,CNS-041,Kavita Chauhan,+919171779360,BR-WL-20,WhiteLabel Branch 20,2026-08-09 16:17:00,544,Connected
CALL-50239,LEAD-10372,+919574047088,CNS-043,Neha Rathod,+919502564736,BR-WL-10,WhiteLabel Branch 10,2026-08-17 11:11:00,22,Connected
CALL-50240,LEAD-10375,+918785589533,CNS-051,Preeti Patel,+919934712197,BR-WL-17,WhiteLabel Branch 17,2026-08-27 16:23:00,441,Connected
CALL-50241,LEAD-10377,+919873024830,CNS-019,Deepa Patel,+919049203558,BR-WL-19,WhiteLabel Branch 19,2026-08-17 14:23:00,298,Connected
CALL-50242,LEAD-10378,+919112150062,CNS-047,Monika Chauhan,+919365260635,BR-OFF-08,Official Branch 08,2026-08-27 18:40:00,345,Connected
CALL-50243,LEAD-10379,+919242601544,CNS-070,Pooja Patel,+919760038427,BR-WL-17,WhiteLabel Branch 17,2026-08-27 18:16:00,639,Connected
CALL-50244,LEAD-10380,+919108899965,CNS-052,Manish Chauhan,+919545098869,BR-WL-15,WhiteLabel Branch 15,2026-08-27 18:56:00,5,Connected
CALL-50245,LEAD-10381,+917604509817,CNS-010,Mayank Shah,+919814763202,BR-OFF-11,Official Branch 11,2026-08-09 11:42:00,365,Connected
CALL-50246,LEAD-10382,+919546737249,CNS-015,Mayank Shah,+919783543540,BR-WL-06,WhiteLabel Branch 06,2026-08-09 10:15:00,511,Connected
CALL-50247,LEAD-10383,+917585823118,CNS-021,Sachin Patel,+919408157429,BR-OFF-18,Official Branch 18,2026-08-09 12:16:00,6,Connected
CALL-50248,LEAD-10384,+919287110468,CNS-073,Vikram Joshi,+919718309417,BR-WL-08,WhiteLabel Branch 08,2026-08-09 17:55:00,469,Connected
CALL-50249,LEAD-10386,+919281045645,CNS-076,Vikram Gupta,+919867043303,BR-WL-03,WhiteLabel Branch 03,2026-08-09 18:43:00,283,Connected
CALL-50250,LEAD-10387,+918206799620,CNS-023,Rohan Verma,+919381469012,BR-OFF-14,Official Branch 14,2026-08-27 11:05:00,21,Connected
CALL-50251,LEAD-10389,+919722926548,CNS-062,Rohan Joshi,+919566585408,BR-WL-15,WhiteLabel Branch 15,2026-08-09 13:58:00,310,Connected
CALL-50252,LEAD-10391,+918441133291,CNS-089,Megha Shah,+919176777762,BR-WL-01,WhiteLabel Branch 01,2026-08-27 14:54:00,479,Connected
CALL-50253,LEAD-10393,+919191663067,CNS-062,Rohan Joshi,+919566585408,BR-WL-15,WhiteLabel Branch 15,2026-08-17 11:47:00,9,Connected
CALL-50254,LEAD-10395,+919727370059,CNS-012,Kavita Sharma,+919819795579,BR-OFF-22,Official Branch 22,2026-08-17 11:38:00,293,Connected
CALL-50255,LEAD-10397,+919375015121,CNS-064,Monika Bhatt,+919740739735,BR-OFF-13,Official Branch 13,2026-08-09 18:44:00,581,Connected
CALL-50256,LEAD-10398,+918077440697,CNS-047,Monika Chauhan,+919365260635,BR-OFF-08,Official Branch 08,2026-08-17 15:42:00,579,Connected
CALL-50257,LEAD-10401,+918874314951,CNS-065,Deepa Joshi,+919428414718,BR-WL-19,WhiteLabel Branch 19,2026-08-09 18:52:00,591,Connected
CALL-50258,LEAD-10402,+918809773736,CNS-073,Vikram Joshi,+919718309417,BR-WL-08,WhiteLabel Branch 08,2026-08-17 17:57:00,588,Connected
CALL-50259,LEAD-10404,+919150303714,CNS-002,Priya Sharma,+919239670711,BR-OFF-09,Official Branch 09,2026-08-17 15:04:00,524,Connected
CALL-50260,LEAD-10405,+918674036669,CNS-046,Megha Trivedi,+919806248900,BR-OFF-18,Official Branch 18,2026-08-27 13:31:00,716,Connected
CALL-50261,LEAD-10406,+919874200240,CNS-034,Bhavna Gupta,+919424806516,BR-WL-18,WhiteLabel Branch 18,2026-08-17 11:07:00,9,Connected
CALL-50262,LEAD-10407,+919057989730,CNS-079,Swati Bhatt,+919058165865,BR-WL-20,WhiteLabel Branch 20,2026-08-17 15:31:00,24,Connected
CALL-50263,LEAD-10408,+919865666876,CNS-036,Vikram Bhatt,+919602764446,BR-WL-11,WhiteLabel Branch 11,2026-08-27 18:51:00,245,Connected
CALL-50264,LEAD-10411,+918401906802,CNS-071,Rahul Sharma,+919072370545,BR-OFF-03,Official Branch 03,2026-08-17 12:31:00,427,Connected
CALL-50265,LEAD-10412,+918783999006,CNS-052,Manish Chauhan,+919545098869,BR-WL-15,WhiteLabel Branch 15,2026-08-27 11:46:00,531,Connected
CALL-50266,LEAD-10414,+919824050944,CNS-081,Neha Bhatt,+919364323393,BR-OFF-07,Official Branch 07,2026-08-17 18:54:00,13,Connected
CALL-50267,LEAD-10415,+919482930177,CNS-021,Sachin Patel,+919408157429,BR-OFF-18,Official Branch 18,2026-08-09 15:16:00,19,Connected
CALL-50268,LEAD-10416,+919739495871,CNS-033,Megha Bhatt,+919337882805,BR-OFF-14,Official Branch 14,2026-08-27 18:11:00,490,Connected
CALL-50269,LEAD-10417,+918698126074,CNS-087,Sneha Sharma,+919178575192,BR-WL-03,WhiteLabel Branch 03,2026-08-17 14:29:00,24,Connected
CALL-50270,LEAD-10420,+919606093348,CNS-076,Vikram Gupta,+919867043303,BR-WL-03,WhiteLabel Branch 03,2026-08-09 14:47:00,244,Connected
CALL-50271,LEAD-10422,+918223184545,CNS-034,Bhavna Gupta,+919424806516,BR-WL-18,WhiteLabel Branch 18,2026-08-09 17:40:00,557,Connected
CALL-50272,LEAD-10423,+917757704655,CNS-022,Swati Chauhan,+919895619255,BR-OFF-24,Official Branch 24,2026-08-17 17:55:00,20,Connected
CALL-50273,LEAD-10425,+918934106793,CNS-068,Sneha Verma,+919022585366,BR-WL-14,WhiteLabel Branch 14,2026-08-17 13:51:00,516,Connected
CALL-50274,LEAD-10426,+917321455482,CNS-053,Anjali Mehta,+919401486939,BR-WL-25,WhiteLabel Branch 25,2026-08-09 17:34:00,356,Connected
CALL-50275,LEAD-10427,+917684095277,CNS-097,Preeti Trivedi,+919169042105,BR-OFF-04,Official Branch 04,2026-08-27 10:35:00,12,Connected
CALL-50276,LEAD-10428,+918938678776,CNS-051,Preeti Patel,+919934712197,BR-WL-17,WhiteLabel Branch 17,2026-08-09 11:27:00,13,Connected
CALL-50277,LEAD-10429,+919734253973,CNS-089,Megha Shah,+919176777762,BR-WL-01,WhiteLabel Branch 01,2026-08-17 11:11:00,11,Connected
CALL-50278,LEAD-10431,+917606907788,CNS-003,Rajesh Patel,+919726600539,BR-WL-24,WhiteLabel Branch 24,2026-08-17 13:05:00,552,Connected
CALL-50279,LEAD-10433,+918120341432,CNS-035,Swati Mehta,+919284412919,BR-OFF-09,Official Branch 09,2026-08-17 10:07:00,598,Connected
CALL-50280,LEAD-10434,+918826347184,CNS-099,Sneha Rathod,+919072972420,BR-WL-20,WhiteLabel Branch 20,2026-08-27 18:42:00,574,Connected
CALL-50281,LEAD-10436,+918426755746,CNS-047,Monika Chauhan,+919365260635,BR-OFF-08,Official Branch 08,2026-08-09 16:20:00,564,Connected
CALL-50282,LEAD-10437,+917866616964,CNS-016,Karan Patel,+919990307112,BR-WL-01,WhiteLabel Branch 01,2026-08-27 17:44:00,641,Connected
CALL-50283,LEAD-10438,+918534126987,CNS-021,Sachin Patel,+919408157429,BR-OFF-18,Official Branch 18,2026-08-27 15:41:00,210,Connected
CALL-50284,LEAD-10439,+918270212409,CNS-063,Alok Sharma,+919997413271,BR-WL-11,WhiteLabel Branch 11,2026-08-17 10:44:00,11,Connected
CALL-50285,LEAD-10440,+918538366077,CNS-006,Anjali Sharma,+919542621108,BR-WL-15,WhiteLabel Branch 15,2026-08-27 12:34:00,430,Connected
CALL-50286,LEAD-10441,+918591254770,CNS-077,Anjali Patel,+919104078666,BR-WL-19,WhiteLabel Branch 19,2026-08-17 18:23:00,599,Connected
CALL-50287,LEAD-10442,+919086535957,CNS-049,Pooja Bhatt,+919940439931,BR-WL-23,WhiteLabel Branch 23,2026-08-27 15:46:00,12,Connected
CALL-50288,LEAD-10443,+917010382761,CNS-050,Priya Trivedi,+919818150683,BR-OFF-12,Official Branch 12,2026-08-09 14:20:00,24,Connected
CALL-50289,LEAD-10444,+918206708830,CNS-067,Swati Patel,+919266186631,BR-OFF-15,Official Branch 15,2026-08-09 17:12:00,283,Connected
CALL-50290,LEAD-10446,+918028102198,CNS-027,Rohan Gupta,+919407437181,BR-OFF-18,Official Branch 18,2026-08-09 18:47:00,16,Connected
CALL-50291,LEAD-10450,+919448461748,CNS-059,Rajesh Gupta,+919876198296,BR-OFF-05,Official Branch 05,2026-08-09 18:21:00,461,Connected
CALL-50292,LEAD-10452,+919306557769,CNS-031,Mayank Verma,+919430747414,BR-OFF-18,Official Branch 18,2026-08-27 15:28:00,13,Connected
CALL-50293,LEAD-10453,+919559745899,CNS-005,Alok Shah,+919031994523,BR-OFF-06,Official Branch 06,2026-08-17 13:13:00,183,Connected
CALL-50294,LEAD-10454,+919188982573,CNS-066,Bhavna Verma,+919470406376,BR-WL-10,WhiteLabel Branch 10,2026-08-17 12:16:00,362,Connected
CALL-50295,LEAD-10456,+919702748799,CNS-062,Rohan Joshi,+919566585408,BR-WL-15,WhiteLabel Branch 15,2026-08-09 14:02:00,24,Connected
CALL-50296,LEAD-10457,+918168528917,CNS-100,Sachin Sharma,+919433550699,BR-OFF-08,Official Branch 08,2026-08-17 11:55:00,18,Connected
CALL-50297,LEAD-10458,+919824240479,CNS-078,Alok Verma,+919454814084,BR-WL-03,WhiteLabel Branch 03,2026-08-27 18:36:00,201,Connected
CALL-50298,LEAD-10459,+917795890631,CNS-029,Vikram Chauhan,+919348195935,BR-WL-26,WhiteLabel Branch 26,2026-08-27 18:05:00,534,Connected
CALL-50299,LEAD-10462,+919205098266,CNS-079,Swati Bhatt,+919058165865,BR-WL-20,WhiteLabel Branch 20,2026-08-17 11:07:00,345,Connected
CALL-50300,LEAD-10463,+918747985438,CNS-025,Bhavna Patel,+919654049436,BR-WL-17,WhiteLabel Branch 17,2026-08-09 17:39:00,16,Connected
CALL-50301,LEAD-10464,+917450139320,CNS-030,Monika Shah,+919245938494,BR-OFF-03,Official Branch 03,2026-08-09 10:15:00,8,Connected
CALL-50302,LEAD-10465,+919865631464,CNS-037,Priya Bhatt,+919627694430,BR-WL-04,WhiteLabel Branch 04,2026-08-17 13:47:00,191,Connected
CALL-50303,LEAD-10467,+919131292442,CNS-006,Anjali Sharma,+919542621108,BR-WL-15,WhiteLabel Branch 15,2026-08-27 10:29:00,496,Connected
CALL-50304,LEAD-10468,+918834609098,CNS-085,Swati Trivedi,+919105128697,BR-OFF-04,Official Branch 04,2026-08-09 16:14:00,14,Connected
CALL-50305,LEAD-10469,+918677436539,CNS-063,Alok Sharma,+919997413271,BR-WL-11,WhiteLabel Branch 11,2026-08-17 10:15:00,467,Connected
CALL-50306,LEAD-10471,+919743526654,CNS-008,Bhavna Bhatt,+919585126461,BR-WL-03,WhiteLabel Branch 03,2026-08-17 12:21:00,355,Connected
CALL-50307,LEAD-10472,+918188538352,CNS-094,Anjali Shah,+919621890096,BR-WL-24,WhiteLabel Branch 24,2026-08-27 16:15:00,12,Connected
CALL-50308,LEAD-10474,+918290452525,CNS-056,Gaurav Shah,+919120117054,BR-OFF-24,Official Branch 24,2026-08-27 12:20:00,452,Connected
CALL-50309,LEAD-10476,+918282492634,CNS-024,Harish Joshi,+919753573823,BR-WL-20,WhiteLabel Branch 20,2026-08-27 13:14:00,493,Connected
CALL-50310,LEAD-10478,+919055371390,CNS-061,Kavita Chauhan,+919510330567,BR-WL-12,WhiteLabel Branch 12,2026-08-09 13:47:00,318,Connected
CALL-50311,LEAD-10481,+919775990669,CNS-006,Anjali Sharma,+919542621108,BR-WL-15,WhiteLabel Branch 15,2026-08-09 16:33:00,525,Connected
CALL-50312,LEAD-10482,+918625302923,CNS-057,Megha Joshi,+919257109965,BR-OFF-04,Official Branch 04,2026-08-17 18:57:00,493,Connected
CALL-50313,LEAD-10483,+917732363533,CNS-012,Kavita Sharma,+919819795579,BR-OFF-22,Official Branch 22,2026-08-27 12:25:00,22,Connected
CALL-50314,LEAD-10484,+918384138817,CNS-059,Rajesh Gupta,+919876198296,BR-OFF-05,Official Branch 05,2026-08-17 12:45:00,534,Connected
CALL-50315,LEAD-10486,+919649826494,CNS-022,Swati Chauhan,+919895619255,BR-OFF-24,Official Branch 24,2026-08-09 16:19:00,271,Connected
CALL-50316,LEAD-10487,+918620151479,CNS-081,Neha Bhatt,+919364323393,BR-OFF-07,Official Branch 07,2026-08-17 17:54:00,186,Connected
CALL-50317,LEAD-10489,+917461479973,CNS-032,Sneha Sharma,+919980472440,BR-WL-13,WhiteLabel Branch 13,2026-08-09 12:09:00,6,Connected
CALL-50318,LEAD-10490,+917797163846,CNS-019,Deepa Patel,+919049203558,BR-WL-19,WhiteLabel Branch 19,2026-08-09 16:11:00,205,Connected
CALL-50319,LEAD-10491,+919419324784,CNS-089,Megha Shah,+919176777762,BR-WL-01,WhiteLabel Branch 01,2026-08-17 10:05:00,563,Connected
CALL-50320,LEAD-10492,+918813766059,CNS-009,Vikram Gupta,+919632719211,BR-OFF-18,Official Branch 18,2026-08-09 14:21:00,242,Connected
CALL-50321,LEAD-10494,+919692614056,CNS-091,Manish Desai,+919747959430,BR-WL-23,WhiteLabel Branch 23,2026-08-27 12:39:00,499,Connected
CALL-50322,LEAD-10495,+919068890902,CNS-064,Monika Bhatt,+919740739735,BR-OFF-13,Official Branch 13,2026-08-09 10:29:00,300,Connected
CALL-50323,LEAD-10496,+919717051362,CNS-079,Swati Bhatt,+919058165865,BR-WL-20,WhiteLabel Branch 20,2026-08-27 13:44:00,288,Connected
CALL-50324,LEAD-10497,+918660936523,CNS-039,Vikram Mehta,+919547099690,BR-WL-08,WhiteLabel Branch 08,2026-08-17 10:53:00,354,Connected
CALL-50325,LEAD-10499,+918719642503,CNS-060,Monika Trivedi,+919822308461,BR-OFF-09,Official Branch 09,2026-08-27 18:34:00,527,Connected
CALL-50326,LEAD-10500,+917585823118,CNS-043,Neha Rathod,+919502564736,BR-WL-10,WhiteLabel Branch 10,2026-08-17 18:53:00,17,Connected
CALL-50327,LEAD-10502,+917470497096,CNS-058,Vikram Rathod,+919084564737,BR-OFF-06,Official Branch 06,2026-08-17 13:58:00,581,Connected
CALL-50328,LEAD-10503,+917795890631,CNS-062,Rohan Joshi,+919566585408,BR-WL-15,WhiteLabel Branch 15,2026-08-27 18:19:00,687,Connected
CALL-50329,LEAD-10505,+918667827295,CNS-006,Anjali Sharma,+919542621108,BR-WL-15,WhiteLabel Branch 15,2026-08-09 14:01:00,232,Connected
CALL-50330,LEAD-10508,+918582079967,CNS-019,Deepa Patel,+919049203558,BR-WL-19,WhiteLabel Branch 19,2026-08-09 18:28:00,339,Connected
CALL-50331,LEAD-10509,+917042672287,CNS-087,Sneha Sharma,+919178575192,BR-WL-03,WhiteLabel Branch 03,2026-08-17 17:39:00,271,Connected
CALL-50332,LEAD-10510,+919530938269,CNS-098,Preeti Patel,+919914122100,BR-OFF-12,Official Branch 12,2026-08-17 12:05:00,530,Connected
CALL-50333,LEAD-10512,+917330989881,CNS-047,Monika Chauhan,+919365260635,BR-OFF-08,Official Branch 08,2026-08-17 17:01:00,19,Connected
CALL-50334,LEAD-10513,+917721221887,CNS-062,Rohan Joshi,+919566585408,BR-WL-15,WhiteLabel Branch 15,2026-08-27 12:32:00,23,Connected
CALL-50335,LEAD-10514,+917994031334,CNS-014,Sanjay Verma,+919648245888,BR-OFF-17,Official Branch 17,2026-08-27 16:37:00,19,Connected
CALL-50336,LEAD-10515,+919176711556,CNS-021,Sachin Patel,+919408157429,BR-OFF-18,Official Branch 18,2026-08-27 16:36:00,482,Connected
CALL-50337,LEAD-10516,+918371698187,CNS-085,Swati Trivedi,+919105128697,BR-OFF-04,Official Branch 04,2026-08-09 17:20:00,23,Connected
CALL-50338,LEAD-10518,+918132032064,CNS-012,Kavita Sharma,+919819795579,BR-OFF-22,Official Branch 22,2026-08-27 10:48:00,654,Connected
CALL-50339,LEAD-10520,+919224659263,CNS-087,Sneha Sharma,+919178575192,BR-WL-03,WhiteLabel Branch 03,2026-08-27 18:25:00,244,Connected
CALL-50340,LEAD-10521,+918134025651,CNS-048,Manish Desai,+919169820594,BR-WL-06,WhiteLabel Branch 06,2026-08-17 14:55:00,8,Connected
CALL-50341,LEAD-10523,+919019778600,CNS-018,Nikhil Verma,+919619927151,BR-OFF-13,Official Branch 13,2026-08-09 12:08:00,14,Connected
CALL-50342,LEAD-10524,+917732363533,CNS-019,Deepa Patel,+919049203558,BR-WL-19,WhiteLabel Branch 19,2026-08-09 12:41:00,283,Connected
CALL-50343,LEAD-10528,+919482831598,CNS-011,Deepa Desai,+919365341213,BR-OFF-18,Official Branch 18,2026-08-17 18:05:00,478,Connected
CALL-50344,LEAD-10530,+919148975179,CNS-100,Sachin Sharma,+919433550699,BR-OFF-08,Official Branch 08,2026-08-27 15:26:00,615,Connected
CALL-50345,LEAD-10532,+917003807155,CNS-022,Swati Chauhan,+919895619255,BR-OFF-24,Official Branch 24,2026-08-27 14:31:00,5,Connected
CALL-50346,LEAD-10533,+917795890631,CNS-036,Vikram Bhatt,+919602764446,BR-WL-11,WhiteLabel Branch 11,2026-08-17 12:58:00,187,Connected
CALL-50347,LEAD-10535,+918311535995,CNS-077,Anjali Patel,+919104078666,BR-WL-19,WhiteLabel Branch 19,2026-08-09 12:13:00,19,Connected
CALL-50348,LEAD-10536,+918116663729,CNS-083,Swati Mehta,+919452991960,BR-OFF-12,Official Branch 12,2026-08-17 17:47:00,423,Connected
CALL-50349,LEAD-10537,+918501783841,CNS-049,Pooja Bhatt,+919940439931,BR-WL-23,WhiteLabel Branch 23,2026-08-27 10:18:00,625,Connected
CALL-50350,LEAD-10538,+919457053501,CNS-041,Kavita Chauhan,+919171779360,BR-WL-20,WhiteLabel Branch 20,2026-08-27 16:39:00,421,Connected
CALL-50351,LEAD-10540,+919576926134,CNS-087,Sneha Sharma,+919178575192,BR-WL-03,WhiteLabel Branch 03,2026-08-27 18:00:00,272,Connected
CALL-50352,LEAD-10541,+918025686943,CNS-053,Anjali Mehta,+919401486939,BR-WL-25,WhiteLabel Branch 25,2026-08-27 13:02:00,325,Connected
CALL-50353,LEAD-10543,+917461479973,CNS-049,Pooja Bhatt,+919940439931,BR-WL-23,WhiteLabel Branch 23,2026-08-09 12:16:00,8,Connected
CALL-50354,LEAD-10544,+919371770697,CNS-059,Rajesh Gupta,+919876198296,BR-OFF-05,Official Branch 05,2026-08-09 16:24:00,321,Connected
CALL-50355,LEAD-10545,+919745476561,CNS-034,Bhavna Gupta,+919424806516,BR-WL-18,WhiteLabel Branch 18,2026-08-09 16:11:00,552,Connected
CALL-50356,LEAD-10546,+919160998707,CNS-099,Sneha Rathod,+919072972420,BR-WL-20,WhiteLabel Branch 20,2026-08-27 11:02:00,372,Connected
CALL-50357,LEAD-10549,+919159917591,CNS-029,Vikram Chauhan,+919348195935,BR-WL-26,WhiteLabel Branch 26,2026-08-27 14:25:00,363,Connected
CALL-50358,LEAD-10550,+917732363533,CNS-047,Monika Chauhan,+919365260635,BR-OFF-08,Official Branch 08,2026-08-17 13:11:00,25,Connected
CALL-50359,LEAD-10553,+919073063545,CNS-069,Karan Sharma,+919631832764,BR-OFF-15,Official Branch 15,2026-08-27 11:13:00,201,Connected
CALL-50360,LEAD-10554,+918984342854,CNS-087,Sneha Sharma,+919178575192,BR-WL-03,WhiteLabel Branch 03,2026-08-09 17:41:00,198,Connected
CALL-50361,LEAD-10555,+917330989881,CNS-032,Sneha Sharma,+919980472440,BR-WL-13,WhiteLabel Branch 13,2026-08-09 11:29:00,643,Connected
CALL-50362,LEAD-10556,+918137347925,CNS-014,Sanjay Verma,+919648245888,BR-OFF-17,Official Branch 17,2026-08-09 16:20:00,398,Connected
CALL-50363,LEAD-10559,+918286411785,CNS-013,Amit Patel,+919407943839,BR-OFF-07,Official Branch 07,2026-08-17 10:11:00,221,Connected
CALL-50364,LEAD-10560,+918893830456,CNS-089,Megha Shah,+919176777762,BR-WL-01,WhiteLabel Branch 01,2026-08-18 16:15:00,447,Connected
CALL-50365,LEAD-10562,+918412108271,CNS-016,Karan Patel,+919990307112,BR-WL-01,WhiteLabel Branch 01,2026-08-28 13:29:00,21,Connected
CALL-50366,LEAD-10564,+919384828097,CNS-047,Monika Chauhan,+919365260635,BR-OFF-08,Official Branch 08,2026-08-18 10:59:00,202,Connected
CALL-50367,LEAD-10566,+918699403123,CNS-030,Monika Shah,+919245938494,BR-OFF-03,Official Branch 03,2026-08-18 16:57:00,625,Connected
CALL-50368,LEAD-10568,+919357255020,CNS-046,Megha Trivedi,+919806248900,BR-OFF-18,Official Branch 18,2026-08-28 12:07:00,210,Connected
CALL-50369,LEAD-10569,+918367652024,CNS-098,Preeti Patel,+919914122100,BR-OFF-12,Official Branch 12,2026-08-28 18:54:00,493,Connected
CALL-50370,LEAD-10570,+919050577765,CNS-028,Pankaj Chauhan,+919738908273,BR-WL-12,WhiteLabel Branch 12,2026-08-18 13:20:00,556,Connected
CALL-50371,LEAD-10571,+918319909995,CNS-074,Anjali Trivedi,+919142068763,BR-WL-23,WhiteLabel Branch 23,2026-08-28 18:02:00,633,Connected
CALL-50372,LEAD-10572,+919738852976,CNS-090,Pooja Desai,+919284759615,BR-WL-06,WhiteLabel Branch 06,2026-08-10 13:08:00,534,Connected
CALL-50373,LEAD-10576,+919891605062,CNS-043,Neha Rathod,+919502564736,BR-WL-10,WhiteLabel Branch 10,2026-08-10 15:29:00,17,Connected
CALL-50374,LEAD-10578,+918243863255,CNS-084,Priya Gupta,+919268227631,BR-OFF-05,Official Branch 05,2026-08-10 15:57:00,15,Connected
CALL-50375,LEAD-10580,+919456655961,CNS-069,Karan Sharma,+919631832764,BR-OFF-15,Official Branch 15,2026-08-28 13:57:00,7,Connected
CALL-50376,LEAD-10581,+918838984286,CNS-023,Rohan Verma,+919381469012,BR-OFF-14,Official Branch 14,2026-08-28 12:55:00,255,Connected
CALL-50377,LEAD-10582,+918629576587,CNS-054,Rohan Trivedi,+919836043811,BR-WL-10,WhiteLabel Branch 10,2026-08-18 14:12:00,557,Connected
CALL-50378,LEAD-10583,+917396776692,CNS-067,Swati Patel,+919266186631,BR-OFF-15,Official Branch 15,2026-08-28 17:37:00,582,Connected
CALL-50379,LEAD-10584,+918956180635,CNS-059,Rajesh Gupta,+919876198296,BR-OFF-05,Official Branch 05,2026-08-18 15:18:00,296,Connected
CALL-50380,LEAD-10586,+919706084026,CNS-020,Vikram Joshi,+919085675980,BR-OFF-15,Official Branch 15,2026-08-28 17:16:00,304,Connected
CALL-50381,LEAD-10587,+919518559526,CNS-005,Alok Shah,+919031994523,BR-OFF-06,Official Branch 06,2026-08-28 11:58:00,263,Connected
CALL-50382,LEAD-10588,+917684095277,CNS-019,Deepa Patel,+919049203558,BR-WL-19,WhiteLabel Branch 19,2026-08-28 15:41:00,499,Connected
CALL-50383,LEAD-10589,+919619549823,CNS-074,Anjali Trivedi,+919142068763,BR-WL-23,WhiteLabel Branch 23,2026-08-10 10:08:00,554,Connected
CALL-50384,LEAD-10590,+918053248133,CNS-052,Manish Chauhan,+919545098869,BR-WL-15,WhiteLabel Branch 15,2026-08-18 13:37:00,208,Connected
CALL-50385,LEAD-10591,+918420296223,CNS-003,Rajesh Patel,+919726600539,BR-WL-24,WhiteLabel Branch 24,2026-08-18 17:20:00,339,Connected
CALL-50386,LEAD-10592,+919431869917,CNS-047,Monika Chauhan,+919365260635,BR-OFF-08,Official Branch 08,2026-08-18 15:22:00,186,Connected
CALL-50387,LEAD-10593,+918188116633,CNS-028,Pankaj Chauhan,+919738908273,BR-WL-12,WhiteLabel Branch 12,2026-08-18 16:46:00,10,Connected
CALL-50388,LEAD-10594,+919284057160,CNS-012,Kavita Sharma,+919819795579,BR-OFF-22,Official Branch 22,2026-08-28 11:59:00,411,Connected
CALL-50389,LEAD-10595,+918189941245,CNS-001,Bhavna Patel,+919026855092,BR-WL-24,WhiteLabel Branch 24,2026-08-18 12:12:00,543,Connected
CALL-50390,LEAD-10596,+919189420164,CNS-063,Alok Sharma,+919997413271,BR-WL-11,WhiteLabel Branch 11,2026-08-28 13:01:00,558,Connected
CALL-50391,LEAD-10600,+917755420240,CNS-075,Pankaj Rathod,+919618702544,BR-WL-07,WhiteLabel Branch 07,2026-08-10 12:03:00,16,Connected
CALL-50392,LEAD-10602,+919616257413,CNS-022,Swati Chauhan,+919895619255,BR-OFF-24,Official Branch 24,2026-08-28 11:34:00,532,Connected
CALL-50393,LEAD-10607,+917666430218,CNS-089,Megha Shah,+919176777762,BR-WL-01,WhiteLabel Branch 01,2026-08-10 11:04:00,397,Connected
CALL-50394,LEAD-10608,+917003807155,CNS-056,Gaurav Shah,+919120117054,BR-OFF-24,Official Branch 24,2026-08-28 10:30:00,23,Connected
CALL-50395,LEAD-10609,+917755420240,CNS-009,Vikram Gupta,+919632719211,BR-OFF-18,Official Branch 18,2026-08-28 13:11:00,11,Connected
CALL-50396,LEAD-10610,+918312581231,CNS-096,Rahul Shah,+919627255918,BR-WL-07,WhiteLabel Branch 07,2026-08-28 13:32:00,579,Connected
CALL-50397,LEAD-10611,+919639054095,CNS-002,Priya Sharma,+919239670711,BR-OFF-09,Official Branch 09,2026-08-10 18:00:00,701,Connected
CALL-50398,LEAD-10612,+919082751103,CNS-091,Manish Desai,+919747959430,BR-WL-23,WhiteLabel Branch 23,2026-08-28 15:24:00,234,Connected
CALL-50399,LEAD-10614,+919196432120,CNS-093,Gaurav Mehta,+919203901283,BR-OFF-19,Official Branch 19,2026-08-18 14:43:00,413,Connected
CALL-50400,LEAD-10615,+919189525325,CNS-053,Anjali Mehta,+919401486939,BR-WL-25,WhiteLabel Branch 25,2026-08-18 12:00:00,16,Connected
CALL-50401,LEAD-10616,+918225854904,CNS-051,Preeti Patel,+919934712197,BR-WL-17,WhiteLabel Branch 17,2026-08-18 11:47:00,385,Connected
CALL-50402,LEAD-10617,+918781061251,CNS-026,Rohan Trivedi,+919782893941,BR-OFF-16,Official Branch 16,2026-08-18 14:48:00,551,Connected
CALL-50403,LEAD-10620,+917606907788,CNS-009,Vikram Gupta,+919632719211,BR-OFF-18,Official Branch 18,2026-08-28 14:39:00,347,Connected
CALL-50404,LEAD-10621,+919419659785,CNS-097,Preeti Trivedi,+919169042105,BR-OFF-04,Official Branch 04,2026-08-28 18:16:00,434,Connected
CALL-50405,LEAD-10625,+919088097859,CNS-008,Bhavna Bhatt,+919585126461,BR-WL-03,WhiteLabel Branch 03,2026-08-28 15:49:00,586,Connected
CALL-50406,LEAD-10626,+918060445185,CNS-076,Vikram Gupta,+919867043303,BR-WL-03,WhiteLabel Branch 03,2026-08-28 15:24:00,5,Connected
CALL-50407,LEAD-10627,+917797163846,CNS-053,Anjali Mehta,+919401486939,BR-WL-25,WhiteLabel Branch 25,2026-08-28 11:55:00,339,Connected
CALL-50408,LEAD-10629,+919262697275,CNS-003,Rajesh Patel,+919726600539,BR-WL-24,WhiteLabel Branch 24,2026-08-10 11:44:00,593,Connected
CALL-50409,LEAD-10630,+919079687177,CNS-098,Preeti Patel,+919914122100,BR-OFF-12,Official Branch 12,2026-08-18 11:53:00,283,Connected
CALL-50410,LEAD-10632,+919216395497,CNS-068,Sneha Verma,+919022585366,BR-WL-14,WhiteLabel Branch 14,2026-08-28 18:51:00,14,Connected
CALL-50411,LEAD-10635,+918575388070,CNS-082,Vikram Sharma,+919204235259,BR-WL-11,WhiteLabel Branch 11,2026-08-28 10:33:00,560,Connected
CALL-50412,LEAD-10637,+918573238023,CNS-037,Priya Bhatt,+919627694430,BR-WL-04,WhiteLabel Branch 04,2026-08-10 13:01:00,238,Connected
CALL-50413,LEAD-10638,+918996775371,CNS-063,Alok Sharma,+919997413271,BR-WL-11,WhiteLabel Branch 11,2026-08-18 14:50:00,249,Connected
CALL-50414,LEAD-10639,+918377925390,CNS-083,Swati Mehta,+919452991960,BR-OFF-12,Official Branch 12,2026-08-10 11:57:00,340,Connected
CALL-50415,LEAD-10640,+919442404788,CNS-085,Swati Trivedi,+919105128697,BR-OFF-04,Official Branch 04,2026-08-28 18:42:00,556,Connected
CALL-50416,LEAD-10641,+918540753680,CNS-064,Monika Bhatt,+919740739735,BR-OFF-13,Official Branch 13,2026-08-18 16:51:00,15,Connected
CALL-50417,LEAD-10645,+919483229278,CNS-086,Bhavna Trivedi,+919897677788,BR-OFF-01,Official Branch 01,2026-08-28 18:55:00,365,Connected
CALL-50418,LEAD-10646,+918016892320,CNS-051,Preeti Patel,+919934712197,BR-WL-17,WhiteLabel Branch 17,2026-08-10 15:56:00,648,Connected
CALL-50419,LEAD-10648,+919882830392,CNS-013,Amit Patel,+919407943839,BR-OFF-07,Official Branch 07,2026-08-18 18:47:00,488,Connected
CALL-50420,LEAD-10649,+919636329809,CNS-007,Pooja Trivedi,+919213500298,BR-WL-22,WhiteLabel Branch 22,2026-08-10 16:12:00,5,Connected
CALL-50421,LEAD-10650,+918176591989,CNS-015,Mayank Shah,+919783543540,BR-WL-06,WhiteLabel Branch 06,2026-08-28 15:28:00,18,Connected
CALL-50422,LEAD-10651,+918559805783,CNS-023,Rohan Verma,+919381469012,BR-OFF-14,Official Branch 14,2026-08-18 16:56:00,368,Connected
CALL-50423,LEAD-10653,+918106908102,CNS-052,Manish Chauhan,+919545098869,BR-WL-15,WhiteLabel Branch 15,2026-08-18 10:45:00,267,Connected
CALL-50424,LEAD-10654,+919776521844,CNS-087,Sneha Sharma,+919178575192,BR-WL-03,WhiteLabel Branch 03,2026-08-18 16:08:00,327,Connected
CALL-50425,LEAD-10655,+918462925731,CNS-037,Priya Bhatt,+919627694430,BR-WL-04,WhiteLabel Branch 04,2026-08-10 14:15:00,194,Connected
CALL-50426,LEAD-10656,+918793790998,CNS-075,Pankaj Rathod,+919618702544,BR-WL-07,WhiteLabel Branch 07,2026-08-10 16:43:00,626,Connected
CALL-50427,LEAD-10657,+919580771521,CNS-077,Anjali Patel,+919104078666,BR-WL-19,WhiteLabel Branch 19,2026-08-18 15:38:00,300,Connected
CALL-50428,LEAD-10660,+918681433902,CNS-091,Manish Desai,+919747959430,BR-WL-23,WhiteLabel Branch 23,2026-08-10 14:47:00,245,Connected
CALL-50429,LEAD-10661,+919883206544,CNS-034,Bhavna Gupta,+919424806516,BR-WL-18,WhiteLabel Branch 18,2026-08-10 12:35:00,341,Connected
CALL-50430,LEAD-10662,+919714164793,CNS-057,Megha Joshi,+919257109965,BR-OFF-04,Official Branch 04,2026-08-10 12:45:00,420,Connected
CALL-50431,LEAD-10664,+918265545455,CNS-045,Harish Bhatt,+919122998994,BR-WL-20,WhiteLabel Branch 20,2026-08-28 14:36:00,21,Connected
CALL-50432,LEAD-10666,+918202518922,CNS-043,Neha Rathod,+919502564736,BR-WL-10,WhiteLabel Branch 10,2026-08-28 12:01:00,234,Connected
CALL-50433,LEAD-10668,+919570981385,CNS-094,Anjali Shah,+919621890096,BR-WL-24,WhiteLabel Branch 24,2026-08-18 10:47:00,15,Connected
CALL-50434,LEAD-10669,+917461479973,CNS-012,Kavita Sharma,+919819795579,BR-OFF-22,Official Branch 22,2026-08-18 10:54:00,285,Connected
CALL-50435,LEAD-10671,+919470944563,CNS-078,Alok Verma,+919454814084,BR-WL-03,WhiteLabel Branch 03,2026-08-28 17:28:00,11,Connected
CALL-50436,LEAD-10673,+917795890631,CNS-060,Monika Trivedi,+919822308461,BR-OFF-09,Official Branch 09,2026-08-28 18:05:00,562,Connected
CALL-50437,LEAD-10674,+919721304124,CNS-062,Rohan Joshi,+919566585408,BR-WL-15,WhiteLabel Branch 15,2026-08-28 14:36:00,18,Connected
CALL-50438,LEAD-10676,+918763339466,CNS-033,Megha Bhatt,+919337882805,BR-OFF-14,Official Branch 14,2026-08-28 12:53:00,416,Connected
CALL-50439,LEAD-10677,+919882817775,CNS-091,Manish Desai,+919747959430,BR-WL-23,WhiteLabel Branch 23,2026-08-18 14:21:00,24,Connected
CALL-50440,LEAD-10678,+918453265881,CNS-024,Harish Joshi,+919753573823,BR-WL-20,WhiteLabel Branch 20,2026-08-10 18:01:00,18,Connected
CALL-50441,LEAD-10679,+917721221887,CNS-022,Swati Chauhan,+919895619255,BR-OFF-24,Official Branch 24,2026-08-28 17:19:00,24,Connected
CALL-50442,LEAD-10680,+919483185983,CNS-087,Sneha Sharma,+919178575192,BR-WL-03,WhiteLabel Branch 03,2026-08-10 11:52:00,187,Connected
CALL-50443,LEAD-10682,+917840081098,CNS-019,Deepa Patel,+919049203558,BR-WL-19,WhiteLabel Branch 19,2026-08-10 17:30:00,558,Connected
CALL-50444,LEAD-10683,+917099104722,CNS-032,Sneha Sharma,+919980472440,BR-WL-13,WhiteLabel Branch 13,2026-08-10 16:26:00,232,Connected
CALL-50445,LEAD-10684,+919279555692,CNS-094,Anjali Shah,+919621890096,BR-WL-24,WhiteLabel Branch 24,2026-08-28 17:14:00,482,Connected
CALL-50446,LEAD-10685,+918906247862,CNS-074,Anjali Trivedi,+919142068763,BR-WL-23,WhiteLabel Branch 23,2026-08-18 11:31:00,20,Connected
CALL-50447,LEAD-10687,+919261987468,CNS-088,Gaurav Gupta,+919229509408,BR-WL-02,WhiteLabel Branch 02,2026-08-18 16:53:00,550,Connected
CALL-50448,LEAD-10689,+917284756779,CNS-078,Alok Verma,+919454814084,BR-WL-03,WhiteLabel Branch 03,2026-08-10 10:22:00,465,Connected
CALL-50449,LEAD-10691,+919044461535,CNS-034,Bhavna Gupta,+919424806516,BR-WL-18,WhiteLabel Branch 18,2026-08-28 12:54:00,13,Connected
CALL-50450,LEAD-10692,+919437710003,CNS-014,Sanjay Verma,+919648245888,BR-OFF-17,Official Branch 17,2026-08-10 11:52:00,294,Connected
CALL-50451,LEAD-10693,+918358729193,CNS-081,Neha Bhatt,+919364323393,BR-OFF-07,Official Branch 07,2026-08-18 18:31:00,542,Connected
CALL-50452,LEAD-10694,+919389621568,CNS-047,Monika Chauhan,+919365260635,BR-OFF-08,Official Branch 08,2026-08-18 10:15:00,18,Connected
CALL-50453,LEAD-10696,+919617498125,CNS-097,Preeti Trivedi,+919169042105,BR-OFF-04,Official Branch 04,2026-08-18 17:54:00,18,Connected
CALL-50454,LEAD-10697,+918063915397,CNS-057,Megha Joshi,+919257109965,BR-OFF-04,Official Branch 04,2026-08-10 15:25:00,413,Connected
CALL-50455,LEAD-10698,+918132002235,CNS-051,Preeti Patel,+919934712197,BR-WL-17,WhiteLabel Branch 17,2026-08-10 18:18:00,563,Connected
CALL-50456,LEAD-10699,+919504935912,CNS-071,Rahul Sharma,+919072370545,BR-OFF-03,Official Branch 03,2026-08-10 14:57:00,663,Connected
CALL-50457,LEAD-10703,+918050297822,CNS-004,Megha Trivedi,+919093349856,BR-WL-14,WhiteLabel Branch 14,2026-08-18 18:07:00,18,Connected
CALL-50458,LEAD-10704,+918557822746,CNS-081,Neha Bhatt,+919364323393,BR-OFF-07,Official Branch 07,2026-08-10 14:36:00,19,Connected
CALL-50459,LEAD-10705,+918507015141,CNS-096,Rahul Shah,+919627255918,BR-WL-07,WhiteLabel Branch 07,2026-08-10 14:18:00,16,Connected
CALL-50460,LEAD-10706,+919444040600,CNS-018,Nikhil Verma,+919619927151,BR-OFF-13,Official Branch 13,2026-08-28 15:29:00,478,Connected
CALL-50461,LEAD-10707,+917994031334,CNS-053,Anjali Mehta,+919401486939,BR-WL-25,WhiteLabel Branch 25,2026-08-18 17:04:00,11,Connected
CALL-50462,LEAD-10712,+918654820572,CNS-048,Manish Desai,+919169820594,BR-WL-06,WhiteLabel Branch 06,2026-08-10 16:03:00,23,Connected
CALL-50463,LEAD-10715,+919083972131,CNS-082,Vikram Sharma,+919204235259,BR-WL-11,WhiteLabel Branch 11,2026-08-28 16:24:00,346,Connected
CALL-50464,LEAD-10717,+919204833574,CNS-083,Swati Mehta,+919452991960,BR-OFF-12,Official Branch 12,2026-08-28 10:36:00,457,Connected
CALL-50465,LEAD-10718,+919079408602,CNS-003,Rajesh Patel,+919726600539,BR-WL-24,WhiteLabel Branch 24,2026-08-18 13:15:00,642,Connected
CALL-50466,LEAD-10720,+918938487761,CNS-024,Harish Joshi,+919753573823,BR-WL-20,WhiteLabel Branch 20,2026-08-10 18:10:00,238,Connected
CALL-50467,LEAD-10721,+919649921764,CNS-012,Kavita Sharma,+919819795579,BR-OFF-22,Official Branch 22,2026-08-18 10:19:00,272,Connected
CALL-50468,LEAD-10722,+918886530237,CNS-042,Alok Rathod,+919068212356,BR-WL-01,WhiteLabel Branch 01,2026-08-28 17:32:00,480,Connected
CALL-50469,LEAD-10723,+918578290571,CNS-008,Bhavna Bhatt,+919585126461,BR-WL-03,WhiteLabel Branch 03,2026-08-10 10:17:00,388,Connected
CALL-50470,LEAD-10725,+917965212976,CNS-027,Rohan Gupta,+919407437181,BR-OFF-18,Official Branch 18,2026-08-28 18:28:00,18,Connected
CALL-50471,LEAD-10726,+917890505735,CNS-080,Bhavna Chauhan,+919105675387,BR-OFF-04,Official Branch 04,2026-08-18 16:22:00,319,Connected
CALL-50472,LEAD-10728,+917666430218,CNS-018,Nikhil Verma,+919619927151,BR-OFF-13,Official Branch 13,2026-08-28 15:40:00,590,Connected
CALL-50473,LEAD-10731,+919690725117,CNS-084,Priya Gupta,+919268227631,BR-OFF-05,Official Branch 05,2026-08-28 11:22:00,19,Connected
CALL-50474,LEAD-10732,+918768725582,CNS-050,Priya Trivedi,+919818150683,BR-OFF-12,Official Branch 12,2026-08-18 10:14:00,278,Connected
CALL-50475,LEAD-10734,+918079018898,CNS-036,Vikram Bhatt,+919602764446,BR-WL-11,WhiteLabel Branch 11,2026-08-10 11:55:00,600,Connected
CALL-50476,LEAD-10736,+917490941149,CNS-009,Vikram Gupta,+919632719211,BR-OFF-18,Official Branch 18,2026-08-28 13:54:00,13,Connected
CALL-50477,LEAD-10737,+919144483188,CNS-079,Swati Bhatt,+919058165865,BR-WL-20,WhiteLabel Branch 20,2026-08-18 10:54:00,508,Connected
CALL-50478,LEAD-10738,+918588486969,CNS-016,Karan Patel,+919990307112,BR-WL-01,WhiteLabel Branch 01,2026-08-10 10:17:00,632,Connected
CALL-50479,LEAD-10739,+918679124460,CNS-001,Bhavna Patel,+919026855092,BR-WL-24,WhiteLabel Branch 24,2026-08-10 16:04:00,12,Connected
CALL-50480,LEAD-10740,+918707004527,CNS-040,Sneha Shah,+919924602213,BR-OFF-08,Official Branch 08,2026-08-18 15:53:00,593,Connected
CALL-50481,LEAD-10741,+918511872506,CNS-044,Priya Trivedi,+919924255163,BR-OFF-01,Official Branch 01,2026-08-10 17:48:00,24,Connected
CALL-50482,LEAD-10742,+917099104722,CNS-016,Karan Patel,+919990307112,BR-WL-01,WhiteLabel Branch 01,2026-08-28 10:58:00,213,Connected
CALL-50483,LEAD-10744,+919325645902,CNS-097,Preeti Trivedi,+919169042105,BR-OFF-04,Official Branch 04,2026-08-18 11:21:00,417,Connected
CALL-50484,LEAD-10745,+918975122423,CNS-067,Swati Patel,+919266186631,BR-OFF-15,Official Branch 15,2026-08-28 13:57:00,545,Connected
CALL-50485,LEAD-10747,+917450139320,CNS-017,Sneha Trivedi,+919314797776,BR-WL-17,WhiteLabel Branch 17,2026-08-18 18:49:00,399,Connected
CALL-50486,LEAD-10749,+919089005843,CNS-072,Sachin Verma,+919076082500,BR-WL-09,WhiteLabel Branch 09,2026-08-28 13:50:00,705,Connected
CALL-50487,LEAD-10751,+918348493628,CNS-014,Sanjay Verma,+919648245888,BR-OFF-17,Official Branch 17,2026-08-10 13:29:00,507,Connected
CALL-50488,LEAD-10752,+919577511798,CNS-099,Sneha Rathod,+919072972420,BR-WL-20,WhiteLabel Branch 20,2026-08-10 15:00:00,602,Connected
CALL-50489,LEAD-10754,+918610102013,CNS-023,Rohan Verma,+919381469012,BR-OFF-14,Official Branch 14,2026-08-28 13:01:00,305,Connected
CALL-50490,LEAD-10755,+918045083752,CNS-087,Sneha Sharma,+919178575192,BR-WL-03,WhiteLabel Branch 03,2026-08-10 13:23:00,336,Connected
CALL-50491,LEAD-10756,+919131566550,CNS-080,Bhavna Chauhan,+919105675387,BR-OFF-04,Official Branch 04,2026-08-10 13:34:00,586,Connected
CALL-50492,LEAD-10758,+918530797085,CNS-007,Pooja Trivedi,+919213500298,BR-WL-22,WhiteLabel Branch 22,2026-08-28 13:46:00,20,Connected
CALL-50493,LEAD-10759,+917003807155,CNS-085,Swati Trivedi,+919105128697,BR-OFF-04,Official Branch 04,2026-08-28 17:33:00,564,Connected
CALL-50494,LEAD-10760,+919128450409,CNS-089,Megha Shah,+919176777762,BR-WL-01,WhiteLabel Branch 01,2026-08-18 10:13:00,506,Connected
CALL-50495,LEAD-10761,+919853639740,CNS-031,Mayank Verma,+919430747414,BR-OFF-18,Official Branch 18,2026-08-28 15:16:00,10,Connected
CALL-50496,LEAD-10762,+918633610797,CNS-057,Megha Joshi,+919257109965,BR-OFF-04,Official Branch 04,2026-08-28 16:28:00,498,Connected
CALL-50497,LEAD-10763,+919727660187,CNS-064,Monika Bhatt,+919740739735,BR-OFF-13,Official Branch 13,2026-08-10 15:57:00,315,Connected
CALL-50498,LEAD-10764,+917795890631,CNS-070,Pooja Patel,+919760038427,BR-WL-17,WhiteLabel Branch 17,2026-08-10 18:12:00,364,Connected
CALL-50499,LEAD-10765,+918536921695,CNS-039,Vikram Mehta,+919547099690,BR-WL-08,WhiteLabel Branch 08,2026-08-28 18:58:00,250,Connected
CALL-50500,LEAD-10767,+918488721093,CNS-030,Monika Shah,+919245938494,BR-OFF-03,Official Branch 03,2026-08-28 17:46:00,582,Connected
CALL-50501,LEAD-10768,+918672323084,CNS-025,Bhavna Patel,+919654049436,BR-WL-17,WhiteLabel Branch 17,2026-08-18 15:08:00,616,Connected
CALL-50502,LEAD-10769,+919584424311,CNS-002,Priya Sharma,+919239670711,BR-OFF-09,Official Branch 09,2026-08-18 16:48:00,397,Connected
CALL-50503,LEAD-10770,+918700250428,CNS-076,Vikram Gupta,+919867043303,BR-WL-03,WhiteLabel Branch 03,2026-08-18 16:24:00,470,Connected
CALL-50504,LEAD-10772,+918368129512,CNS-014,Sanjay Verma,+919648245888,BR-OFF-17,Official Branch 17,2026-08-28 10:11:00,20,Connected
CALL-50505,LEAD-10773,+918609493699,CNS-027,Rohan Gupta,+919407437181,BR-OFF-18,Official Branch 18,2026-08-10 12:20:00,368,Connected
CALL-50506,LEAD-10776,+918591504994,CNS-026,Rohan Trivedi,+919782893941,BR-OFF-16,Official Branch 16,2026-08-28 18:21:00,12,Connected
CALL-50507,LEAD-10777,+918988281770,CNS-060,Monika Trivedi,+919822308461,BR-OFF-09,Official Branch 09,2026-08-18 14:25:00,357,Connected
CALL-50508,LEAD-10779,+918845145014,CNS-090,Pooja Desai,+919284759615,BR-WL-06,WhiteLabel Branch 06,2026-08-28 11:44:00,14,Connected
CALL-50509,LEAD-10780,+919059756509,CNS-053,Anjali Mehta,+919401486939,BR-WL-25,WhiteLabel Branch 25,2026-08-28 16:28:00,15,Connected
CALL-50510,LEAD-10781,+918095853291,CNS-060,Monika Trivedi,+919822308461,BR-OFF-09,Official Branch 09,2026-08-28 16:02:00,384,Connected
CALL-50511,LEAD-10783,+917110373808,CNS-092,Mayank Trivedi,+919710678904,BR-WL-22,WhiteLabel Branch 22,2026-08-10 11:11:00,5,Connected
CALL-50512,LEAD-10784,+918361750869,CNS-010,Mayank Shah,+919814763202,BR-OFF-11,Official Branch 11,2026-08-18 10:57:00,271,Connected
CALL-50513,LEAD-10785,+919496242840,CNS-007,Pooja Trivedi,+919213500298,BR-WL-22,WhiteLabel Branch 22,2026-08-18 10:03:00,407,Connected
CALL-50514,LEAD-10788,+918692949104,CNS-072,Sachin Verma,+919076082500,BR-WL-09,WhiteLabel Branch 09,2026-08-18 16:07:00,720,Connected
CALL-50515,LEAD-10789,+918694427134,CNS-023,Rohan Verma,+919381469012,BR-OFF-14,Official Branch 14,2026-08-10 11:42:00,414,Connected
CALL-50516,LEAD-10790,+918792378439,CNS-006,Anjali Sharma,+919542621108,BR-WL-15,WhiteLabel Branch 15,2026-08-18 18:50:00,8,Connected
CALL-50517,LEAD-10794,+919330937841,CNS-011,Deepa Desai,+919365341213,BR-OFF-18,Official Branch 18,2026-08-10 10:15:00,372,Connected
CALL-50518,LEAD-10797,+919495245724,CNS-093,Gaurav Mehta,+919203901283,BR-OFF-19,Official Branch 19,2026-08-18 11:55:00,502,Connected
CALL-50519,LEAD-10799,+919556902249,CNS-060,Monika Trivedi,+919822308461,BR-OFF-09,Official Branch 09,2026-08-10 14:18:00,490,Connected
CALL-50520,LEAD-10800,+918583816587,CNS-062,Rohan Joshi,+919566585408,BR-WL-15,WhiteLabel Branch 15,2026-08-18 16:48:00,396,Connected
CALL-50521,LEAD-10803,+917490941149,CNS-061,Kavita Chauhan,+919510330567,BR-WL-12,WhiteLabel Branch 12,2026-08-28 17:25:00,553,Connected
CALL-50522,LEAD-10805,+919214635201,CNS-021,Sachin Patel,+919408157429,BR-OFF-18,Official Branch 18,2026-08-28 18:45:00,16,Connected
CALL-50523,LEAD-10806,+919495626609,CNS-008,Bhavna Bhatt,+919585126461,BR-WL-03,WhiteLabel Branch 03,2026-08-10 10:44:00,596,Connected
CALL-50524,LEAD-10808,+917840081098,CNS-083,Swati Mehta,+919452991960,BR-OFF-12,Official Branch 12,2026-08-10 13:56:00,505,Connected
CALL-50525,LEAD-10810,+918234664274,CNS-082,Vikram Sharma,+919204235259,BR-WL-11,WhiteLabel Branch 11,2026-08-10 14:00:00,563,Connected
CALL-50526,LEAD-10813,+919748847244,CNS-028,Pankaj Chauhan,+919738908273,BR-WL-12,WhiteLabel Branch 12,2026-08-10 16:28:00,13,Connected
CALL-50527,LEAD-10814,+919864793182,CNS-082,Vikram Sharma,+919204235259,BR-WL-11,WhiteLabel Branch 11,2026-08-18 10:37:00,212,Connected
CALL-50528,LEAD-10820,+919745086112,CNS-042,Alok Rathod,+919068212356,BR-WL-01,WhiteLabel Branch 01,2026-08-28 17:14:00,406,Connected
CALL-50529,LEAD-10824,+919503043136,CNS-012,Kavita Sharma,+919819795579,BR-OFF-22,Official Branch 22,2026-08-18 14:14:00,642,Connected
